$ID,$ID_NAME,BonusBoots,BonusGloves,BonusSubWeapon,BonusTopAndBottom,BonusWeapon,Description,Icon,Link_Collections,Link_Cubes,Link_MonsterDrops,Link_RecipeMaterial,Link_RecipeTarget,Link_Skill,Name,Price,TimeCoolDown,TimeLifeTime,Tradability,Type,TypeGem,Weight
643501,gem_circle_1,,,,"[{""Stat"": 56, ""Value"": 15}, {""Stat"": 54, ""Value"": -3}, {""Stat"": 56, ""Value"": 23}, {""Stat"": 54, ""Value"": -5}, {""Stat"": 56, ""Value"": 31}, {""Stat"": 54, ""Value"": -7}, {""Stat"": 56, ""Value"": 39}, {""Stat"": 54, ""Value"": -9}, {""Stat"": 56, ""Value"": 46}, {""Stat"": 54, ""Value"": -11}, {""Stat"": 56, ""Value"": 54}, {""Stat"": 54, ""Value"": -13}, {""Stat"": 56, ""Value"": 62}, {""Stat"": 54, ""Value"": -15}, {""Stat"": 56, ""Value"": 70}, {""Stat"": 54, ""Value"": -17}, {""Stat"": 56, ""Value"": 78}, {""Stat"": 54, ""Value"": -19}, {""Stat"": 56, ""Value"": 85}, {""Stat"": 54, ""Value"": -21}]",,"던전에서 발견되는 보석입니다. 소켓에 장착하여 장비를 강화할 수 있으며, 마력을 충전하면 더 큰 힘을 발휘합니다. 마우스 오른쪽 클릭 후, 원하는 장비를 선택하여 장착합니다.",item_icon_circle150,"[642093, 642093, 642093, 642093, 642093, 642136, 642136, 642136, 642136, 642136, 642136, 642136, 642136, 642136, 642144]","[642905, 642907, 642909, 642913, 642918, 642919, 642921, 642922]",,"[12021, 13020, 33023, 33064, 34022, 34058]",,,레드 젬,100,0.0,0.0,1111,11,1,1.0
643502,gem_square_1,,,,"[{""Stat"": 52, ""Value"": 360}, {""Stat"": 53, ""Value"": -90}, {""Stat"": 52, ""Value"": 525}, {""Stat"": 53, ""Value"": -131}, {""Stat"": 52, ""Value"": 690}, {""Stat"": 53, ""Value"": -172}, {""Stat"": 52, ""Value"": 860}, {""Stat"": 53, ""Value"": -215}, {""Stat"": 52, ""Value"": 1035}, {""Stat"": 53, ""Value"": -258}, {""Stat"": 52, ""Value"": 1200}, {""Stat"": 53, ""Value"": -300}, {""Stat"": 52, ""Value"": 1365}, {""Stat"": 53, ""Value"": -341}, {""Stat"": 52, ""Value"": 1535}, {""Stat"": 53, ""Value"": -383}, {""Stat"": 52, ""Value"": 1710}, {""Stat"": 53, ""Value"": -427}, {""Stat"": 52, ""Value"": 1875}, {""Stat"": 53, ""Value"": -468}]",,"던전에서 발견되는 보석입니다. 소켓에 장착하여 장비를 강화할 수 있으며, 마력을 충전하면 더 큰 힘을 발휘합니다. 마우스 오른쪽 클릭 후, 원하는 장비를 선택하여 장착합니다.",item_icon_square150,"[642093, 642093, 642093, 642093, 642137]","[642905, 642907, 642909, 642913, 642918, 642919, 642921, 642922]",,"[10016, 11021, 12021, 12022, 33023, 33065, 34059]",,,블루 젬,100,0.0,0.0,1111,11,1,1.0
643503,gem_diamond_1,,,,"[{""Stat"": 55, ""Value"": 15}, {""Stat"": 18, ""Value"": -40}, {""Stat"": 55, ""Value"": 23}, {""Stat"": 18, ""Value"": -58}, {""Stat"": 55, ""Value"": 31}, {""Stat"": 18, ""Value"": -77}, {""Stat"": 55, ""Value"": 39}, {""Stat"": 18, ""Value"": -96}, {""Stat"": 55, ""Value"": 46}, {""Stat"": 18, ""Value"": -115}, {""Stat"": 55, ""Value"": 54}, {""Stat"": 18, ""Value"": -133}, {""Stat"": 55, ""Value"": 62}, {""Stat"": 18, ""Value"": -152}, {""Stat"": 55, ""Value"": 70}, {""Stat"": 18, ""Value"": -171}, {""Stat"": 55, ""Value"": 78}, {""Stat"": 18, ""Value"": -190}, {""Stat"": 55, ""Value"": 85}, {""Stat"": 18, ""Value"": -208}]",,"던전에서 발견되는 보석입니다. 소켓에 장착하여 장비를 강화할 수 있으며, 마력을 충전하면 더 큰 힘을 발휘합니다. 마우스 오른쪽 클릭 후, 원하는 장비를 선택하여 장착합니다.",item_icon_dia150,"[642117, 642117, 642117, 642117, 642117, 642117, 642117, 642117, 642117, 642145, 642153]","[642905, 642907, 642909, 642913, 642918, 642919, 642921, 642922]",,"[14023, 30374, 34022]",,,그린 젬,100,0.0,0.0,1111,11,1,1.0
643504,gem_star_1,,,,"[{""Stat"": 53, ""Value"": 360}, {""Stat"": 52, ""Value"": -90}, {""Stat"": 53, ""Value"": 525}, {""Stat"": 52, ""Value"": -131}, {""Stat"": 53, ""Value"": 690}, {""Stat"": 52, ""Value"": -172}, {""Stat"": 53, ""Value"": 860}, {""Stat"": 52, ""Value"": -215}, {""Stat"": 53, ""Value"": 1035}, {""Stat"": 52, ""Value"": -258}, {""Stat"": 53, ""Value"": 1200}, {""Stat"": 52, ""Value"": -300}, {""Stat"": 53, ""Value"": 1365}, {""Stat"": 52, ""Value"": -341}, {""Stat"": 53, ""Value"": 1535}, {""Stat"": 52, ""Value"": -383}, {""Stat"": 53, ""Value"": 1710}, {""Stat"": 52, ""Value"": -427}, {""Stat"": 53, ""Value"": 1875}, {""Stat"": 52, ""Value"": -468}]",,"던전에서 발견되는 보석입니다. 소켓에 장착하여 장비를 강화할 수 있으며, 마력을 충전하면 더 큰 힘을 발휘합니다. 마우스 오른쪽 클릭 후, 원하는 장비를 선택하여 장착합니다.",item_icon_star150,"[642086, 642145]","[642905, 642907, 642909, 642913, 642918, 642919, 642921, 642922]",,"[31019, 31020]",,,옐로우 젬,100,0.0,0.0,1111,11,1,1.0
643505,gem_star_test,,,,,,"던전에서 발견되는 보석입니다. 소켓에 장착하여 장비를 강화할 수 있으며, 마력을 충전하면 더 큰 힘을 발휘합니다. 마우스 오른쪽 클릭 후, 원하는 장비를 선택하여 장착합니다.",item_icon_twentyside150,,,,,,,테스트 젬,100,0.0,0.0,1111,11,1,1.0
643506,Gem_Swordman_Thrust,,,,,,"몬스터에게서 발견되는 보석입니다. 소켓에 장착하여 장비를 강화할 수 있습니다. 효과는 중복 적용 되지 않습니다. 마우스 오른쪽 클릭 후, 원하는 장비를 선택하여 장착합니다.",gem_mon_bokchoy,,,,,,10001,치넨시의 젬,100,0.0,0.0,1111,11,0,1.0
643507,Gem_Swordman_Bash,,,,,,"몬스터에게서 발견되는 보석입니다. 소켓에 장착하여 장비를 강화할 수 있습니다. 효과는 중복 적용 되지 않습니다. 마우스 오른쪽 클릭 후, 원하는 장비를 선택하여 장착합니다.",gem_mon_weaver,,,,,,10002,위버의 젬,100,0.0,0.0,1111,11,0,1.0
643508,Gem_Swordman_GungHo,,,,"[{""Stat"": ""\uac85\ud638 \uc2a4\ud0ac \ub808\ubca8 +1""}]",,"몬스터에게서 발견되는 보석입니다. 소켓에 장착하여 장비를 강화할 수 있습니다. 효과는 중복 적용 되지 않습니다. 마우스 오른쪽 클릭 후, 원하는 장비를 선택하여 장착합니다.",gem_mon_yekubite,,,,,,10003,에큐바이트의 젬,100,0.0,0.0,1111,11,0,1.0
643509,Gem_Swordman_Concentrate,,,,"[{""Stat"": ""\ucf58\uc13c\ud2b8\ub808\uc774\ud2b8 \uc2a4\ud0ac \ub808\ubca8 +1""}]",,"몬스터에게서 발견되는 보석입니다. 소켓에 장착하여 장비를 강화할 수 있습니다. 효과는 중복 적용 되지 않습니다. 마우스 오른쪽 클릭 후, 원하는 장비를 선택하여 장착합니다.",gem_mon_jukopus,,,,,,10004,유코푸스의 젬,100,0.0,0.0,1111,11,0,1.0
643510,Gem_Swordman_PainBarrier,,,,"[{""Stat"": ""\ud398\uc778 \ubc30\ub9ac\uc5b4 \uc2a4\ud0ac \ub808\ubca8 +1""}]",,"몬스터에게서 발견되는 보석입니다. 소켓에 장착하여 장비를 강화할 수 있습니다. 효과는 중복 적용 되지 않습니다. 마우스 오른쪽 클릭 후, 원하는 장비를 선택하여 장착합니다.",gem_mon_stonorca,,,,,,10005,스톤오르카의 젬,100,0.0,0.0,1111,11,0,1.0
643511,Gem_Swordman_Restrain,,,,,,"몬스터에게서 발견되는 보석입니다. 소켓에 장착하여 장비를 강화할 수 있습니다. 효과는 중복 적용 되지 않습니다. 마우스 오른쪽 클릭 후, 원하는 장비를 선택하여 장착합니다.",gem_mon_seedmia,,,,,,10006,씨드미아의 젬,100,0.0,0.0,1111,11,0,1.0
643512,Gem_Swordman_PommelBeat,,,,,,"몬스터에게서 발견되는 보석입니다. 소켓에 장착하여 장비를 강화할 수 있습니다. 효과는 중복 적용 되지 않습니다. 마우스 오른쪽 클릭 후, 원하는 장비를 선택하여 장착합니다.",gem_mon_npanto_baby,,,,,,10007,판토의 젬,100,0.0,0.0,1111,11,0,1.0
643513,Gem_Swordman_DoubleSlash,,,,,,"몬스터에게서 발견되는 보석입니다. 소켓에 장착하여 장비를 강화할 수 있습니다. 효과는 중복 적용 되지 않습니다. 마우스 오른쪽 클릭 후, 원하는 장비를 선택하여 장착합니다.",gem_mon_ultanun,,,,,,10008,얼타눈의 젬,100,0.0,0.0,1111,11,0,1.0
643514,Gem_Highlander_WagonWheel,,,,,,"몬스터에게서 발견되는 보석입니다. 소켓에 장착하여 장비를 강화할 수 있습니다. 효과는 중복 적용 되지 않습니다. 마우스 오른쪽 클릭 후, 원하는 장비를 선택하여 장착합니다.",gem_mon_katynforest_zombie_03_green,,,,,,10201,푸라기의 젬,100,0.0,0.0,1111,11,0,1.0
643515,Gem_Highlander_CartarStroke,,,,,,"몬스터에게서 발견되는 보석입니다. 소켓에 장착하여 장비를 강화할 수 있습니다. 효과는 중복 적용 되지 않습니다. 마우스 오른쪽 클릭 후, 원하는 장비를 선택하여 장착합니다.",gem_mon_goblin_warrior,,,,,,10202,부베 투사의 젬,100,0.0,0.0,1111,11,0,1.0
643516,Gem_Highlander_Crown,,,,,,"몬스터에게서 발견되는 보석입니다. 소켓에 장착하여 장비를 강화할 수 있습니다. 효과는 중복 적용 되지 않습니다. 마우스 오른쪽 클릭 후, 원하는 장비를 선택하여 장착합니다.",gem_mon_mallardu,,,,,,10203,말라두의 젬,100,0.0,0.0,1111,11,0,1.0
643517,Gem_Highlander_CrossGuard,,,,,,"몬스터에게서 발견되는 보석입니다. 소켓에 장착하여 장비를 강화할 수 있습니다. 효과는 중복 적용 되지 않습니다. 마우스 오른쪽 클릭 후, 원하는 장비를 선택하여 장착합니다.",gem_mon_zombiegirl2,,,,,,10204,갈색 로델린의 젬,100,0.0,0.0,1111,11,0,1.0
643518,Gem_Highlander_Moulinet,,,,,,"몬스터에게서 발견되는 보석입니다. 소켓에 장착하여 장비를 강화할 수 있습니다. 효과는 중복 적용 되지 않습니다. 마우스 오른쪽 클릭 후, 원하는 장비를 선택하여 장착합니다.",gem_mon_glizardon,,,,,,10205,글리자돈의 젬,100,0.0,0.0,1111,11,0,1.0
643519,Gem_Highlander_SkyLiner,,,,,,"몬스터에게서 발견되는 보석입니다. 소켓에 장착하여 장비를 강화할 수 있습니다. 효과는 중복 적용 되지 않습니다. 마우스 오른쪽 클릭 후, 원하는 장비를 선택하여 장착합니다.",gem_mon_rauzinute,,,,,,10207,라우지누테의 젬,100,0.0,0.0,1111,11,0,1.0
643520,Gem_Highlander_CrossCut,,,,,,"몬스터에게서 발견되는 보석입니다. 소켓에 장착하여 장비를 강화할 수 있습니다. 효과는 중복 적용 되지 않습니다. 마우스 오른쪽 클릭 후, 원하는 장비를 선택하여 장착합니다.",gem_mon_loftlem,,,,,,10208,로프틀렘의 젬,100,0.0,0.0,1111,11,0,1.0
643521,Gem_Highlander_ScullSwing,,,,,,"몬스터에게서 발견되는 보석입니다. 소켓에 장착하여 장비를 강화할 수 있습니다. 효과는 중복 적용 되지 않습니다. 마우스 오른쪽 클릭 후, 원하는 장비를 선택하여 장착합니다.",gem_mon_deadbornscab,,,,,,10206,대지의 데드본스캡의 젬,100,0.0,0.0,1111,11,0,1.0
643522,Gem_Highlander_VerticalSlash,,,,,,"몬스터에게서 발견되는 보석입니다. 소켓에 장착하여 장비를 강화할 수 있습니다. 효과는 중복 적용 되지 않습니다. 마우스 오른쪽 클릭 후, 원하는 장비를 선택하여 장착합니다.",gem_mon_moving_trap,,,,,,10209,삭제된 젬,100,0.0,0.0,1111,11,0,1.0
643523,Gem_Peltasta_UmboBlow,,,,,,"몬스터에게서 발견되는 보석입니다. 소켓에 장착하여 장비를 강화할 수 있습니다. 효과는 중복 적용 되지 않습니다. 마우스 오른쪽 클릭 후, 원하는 장비를 선택하여 장착합니다.",gem_mon_egnome,,,,,,10101,이노움의 젬,100,0.0,0.0,1111,11,0,1.0
643524,Gem_Peltasta_RimBlow,,,,,,"몬스터에게서 발견되는 보석입니다. 소켓에 장착하여 장비를 강화할 수 있습니다. 효과는 중복 적용 되지 않습니다. 마우스 오른쪽 클릭 후, 원하는 장비를 선택하여 장착합니다.",gem_mon_yognome,,,,,,10102,요노움의 젬,100,0.0,0.0,1111,11,0,1.0
643525,Gem_Peltasta_SwashBuckling,,,,,,"몬스터에게서 발견되는 보석입니다. 소켓에 장착하여 장비를 강화할 수 있습니다. 효과는 중복 적용 되지 않습니다. 마우스 오른쪽 클릭 후, 원하는 장비를 선택하여 장착합니다.",gem_mon_pawndel,,,,,,10103,폰델의 젬,100,0.0,0.0,1111,11,0,1.0
643526,Gem_Peltasta_Guardian,,,,"[{""Stat"": ""\uac00\ub514\uc5b8 \uc2a4\ud0ac \ub808\ubca8 +1""}]",,"몬스터에게서 발견되는 보석입니다. 소켓에 장착하여 장비를 강화할 수 있습니다. 효과는 중복 적용 되지 않습니다. 마우스 오른쪽 클릭 후, 원하는 장비를 선택하여 장착합니다.",gem_mon_beetow,,,,,,10104,비토우의 젬,100,0.0,0.0,1111,11,0,1.0
643527,Gem_Peltasta_ShieldLob,,,,,,"몬스터에게서 발견되는 보석입니다. 소켓에 장착하여 장비를 강화할 수 있습니다. 효과는 중복 적용 되지 않습니다. 마우스 오른쪽 클릭 후, 원하는 장비를 선택하여 장착합니다.",gem_mon_woodgoblin_black,,,,,,10105,대지의 우드고블린의 젬,100,0.0,0.0,1111,11,0,1.0
643528,Gem_Peltasta_HighGuard,,,,,,"몬스터에게서 발견되는 보석입니다. 소켓에 장착하여 장비를 강화할 수 있습니다. 효과는 중복 적용 되지 않습니다. 마우스 오른쪽 클릭 후, 원하는 장비를 선택하여 장착합니다.",gem_mon_ammon,,,,,,10106,암몬의 젬,100,0.0,0.0,1111,11,0,1.0
643529,Gem_Peltasta_ButterFly,,,,,,"몬스터에게서 발견되는 보석입니다. 소켓에 장착하여 장비를 강화할 수 있습니다. 효과는 중복 적용 되지 않습니다. 마우스 오른쪽 클릭 후, 원하는 장비를 선택하여 장착합니다.",gem_mon_wolf_statue_magician,,,,,,10107,삭제된 젬,100,0.0,0.0,1111,11,0,1.0
643530,Gem_Peltasta_UmboThrust,,,,,,"몬스터에게서 발견되는 보석입니다. 소켓에 장착하여 장비를 강화할 수 있습니다. 효과는 중복 적용 되지 않습니다. 마우스 오른쪽 클릭 후, 원하는 장비를 선택하여 장착합니다.",gem_mon_infroburk,,,,,,10108,삭제된 젬,100,0.0,0.0,1111,11,0,1.0
643531,Gem_Hoplite_Stabbing,,,,,,"몬스터에게서 발견되는 보석입니다. 소켓에 장착하여 장비를 강화할 수 있습니다. 효과는 중복 적용 되지 않습니다. 마우스 오른쪽 클릭 후, 원하는 장비를 선택하여 장착합니다.",gem_mon_mushcarfung,,,,,,10301,머슈카펑의 젬,100,0.0,0.0,1111,11,0,1.0
643532,Gem_Hoplite_Pierce,,,,,,"몬스터에게서 발견되는 보석입니다. 소켓에 장착하여 장비를 강화할 수 있습니다. 효과는 중복 적용 되지 않습니다. 마우스 오른쪽 클릭 후, 원하는 장비를 선택하여 장착합니다.",gem_mon_groll,,,,,,10302,그롤의 젬,100,0.0,0.0,1111,11,0,1.0
643533,Gem_Hoplite_Finestra,,,,,,"몬스터에게서 발견되는 보석입니다. 소켓에 장착하여 장비를 강화할 수 있습니다. 효과는 중복 적용 되지 않습니다. 마우스 오른쪽 클릭 후, 원하는 장비를 선택하여 장착합니다.",gem_mon_chafperor,,,,,,10303,체이퍼러의 젬,100,0.0,0.0,1111,11,0,1.0
643534,Gem_Hoplite_SynchroThrusting,,,,,,"몬스터에게서 발견되는 보석입니다. 소켓에 장착하여 장비를 강화할 수 있습니다. 효과는 중복 적용 되지 않습니다. 마우스 오른쪽 클릭 후, 원하는 장비를 선택하여 장착합니다.",gem_mon_thornball_1,,,,,,10304,던볼의 젬,100,0.0,0.0,1111,11,0,1.0
643535,Gem_Hoplite_LongStride,,,,,,"몬스터에게서 발견되는 보석입니다. 소켓에 장착하여 장비를 강화할 수 있습니다. 효과는 중복 적용 되지 않습니다. 마우스 오른쪽 클릭 후, 원하는 장비를 선택하여 장착합니다.",gem_mon_honey_bee,[642069],,,,,10305,삭제된 젬,100,0.0,0.0,1111,11,0,1.0
643536,Gem_Hoplite_SpearLunge,,,,,,"몬스터에게서 발견되는 보석입니다. 소켓에 장착하여 장비를 강화할 수 있습니다. 효과는 중복 적용 되지 않습니다. 마우스 오른쪽 클릭 후, 원하는 장비를 선택하여 장착합니다.",gem_mon_tombstone_golem,,,,,,10307,묘지골렘의 젬,100,0.0,0.0,1111,11,0,1.0
643537,Gem_Hoplite_ThrouwingSpear,,,,,,"몬스터에게서 발견되는 보석입니다. 소켓에 장착하여 장비를 강화할 수 있습니다. 효과는 중복 적용 되지 않습니다. 마우스 오른쪽 클릭 후, 원하는 장비를 선택하여 장착합니다.",gem_mon_fire_dragon_purple,,,,,,10306,검은 드레이크의 젬,100,0.0,0.0,1111,11,0,1.0
643538,Gem_Barbarian_Embowel,,,,,,"몬스터에게서 발견되는 보석입니다. 소켓에 장착하여 장비를 강화할 수 있습니다. 효과는 중복 적용 되지 않습니다. 마우스 오른쪽 클릭 후, 원하는 장비를 선택하여 장착합니다.",gem_mon_candle_spider,,,,,,10401,카타콤 양초거미의 젬,100,0.0,0.0,1111,11,0,1.0
643539,Gem_Barbarian_StompingKick,,,,,,"몬스터에게서 발견되는 보석입니다. 소켓에 장착하여 장비를 강화할 수 있습니다. 효과는 중복 적용 되지 않습니다. 마우스 오른쪽 클릭 후, 원하는 장비를 선택하여 장착합니다.",gem_mon_pino,,,,,,10404,피노의 젬,100,0.0,0.0,1111,11,0,1.0
643540,Gem_Barbarian_Cleave,,,,,,"몬스터에게서 발견되는 보석입니다. 소켓에 장착하여 장비를 강화할 수 있습니다. 효과는 중복 적용 되지 않습니다. 마우스 오른쪽 클릭 후, 원하는 장비를 선택하여 장착합니다.",gem_mon_ticen,,,,,,10411,티켄의 젬,100,0.0,0.0,1111,11,0,1.0
643541,Gem_Barbarian_HelmChopper,,,,,,"몬스터에게서 발견되는 보석입니다. 소켓에 장착하여 장비를 강화할 수 있습니다. 효과는 중복 적용 되지 않습니다. 마우스 오른쪽 클릭 후, 원하는 장비를 선택하여 장착합니다.",gem_mon_ridimed_purple,,,,,,,삭제된 젬,100,0.0,0.0,1111,11,0,1.0
643542,Gem_Barbarian_Warcry,,,,"[{""Stat"": ""\uc6cc\ud06c\ub77c\uc774 \uc2a4\ud0ac \ub808\ubca8 +1""}]",,"몬스터에게서 발견되는 보석입니다. 소켓에 장착하여 장비를 강화할 수 있습니다. 효과는 중복 적용 되지 않습니다. 마우스 오른쪽 클릭 후, 원하는 장비를 선택하여 장착합니다.",gem_mon_schlesien_heavycavarly,,,,,,10405,마우로스의 젬,100,0.0,0.0,1111,11,0,1.0
643543,Gem_Barbarian_Frenzy,,,,"[{""Stat"": ""\ud504\ub80c\uc9c0 \uc2a4\ud0ac \ub808\ubca8 +1""}]",,"몬스터에게서 발견되는 보석입니다. 소켓에 장착하여 장비를 강화할 수 있습니다. 효과는 중복 적용 되지 않습니다. 마우스 오른쪽 클릭 후, 원하는 장비를 선택하여 장착합니다.",gem_mon_flying_flog,,,,,,10406,날개 개구리의 젬,100,0.0,0.0,1111,11,0,1.0
643544,Gem_Barbarian_Seism,,,,,,"몬스터에게서 발견되는 보석입니다. 소켓에 장착하여 장비를 강화할 수 있습니다. 효과는 중복 적용 되지 않습니다. 마우스 오른쪽 클릭 후, 원하는 장비를 선택하여 장착합니다.",gem_mon_stub_tree,,,,,,10410,몽당 나무의 젬,100,0.0,0.0,1111,11,0,1.0
643545,Gem_Barbarian_GiantSwing,,,,,,"몬스터에게서 발견되는 보석입니다. 소켓에 장착하여 장비를 강화할 수 있습니다. 효과는 중복 적용 되지 않습니다. 마우스 오른쪽 클릭 후, 원하는 장비를 선택하여 장착합니다.",gem_mon_cronewt,,,,,,10407,삭제된 젬,100,0.0,0.0,1111,11,0,1.0
643546,Gem_Barbarian_Pouncing,,,,,,"몬스터에게서 발견되는 보석입니다. 소켓에 장착하여 장비를 강화할 수 있습니다. 효과는 중복 적용 되지 않습니다. 마우스 오른쪽 클릭 후, 원하는 장비를 선택하여 장착합니다.",gem_mon_prisonfighter,[642080],,,,,10408,뇌옥투사의 젬,100,0.0,0.0,1111,11,0,1.0
643547,Gem_Cataphract_Impaler,,,,,,"몬스터에게서 발견되는 보석입니다. 소켓에 장착하여 장비를 강화할 수 있습니다. 효과는 중복 적용 되지 않습니다. 마우스 오른쪽 클릭 후, 원하는 장비를 선택하여 장착합니다.",gem_mon_bubbe_chaser,,,,,,10601,광산 약탈자의 젬,100,0.0,0.0,1111,11,0,1.0
643548,Gem_Cataphract_EarthWave,,,,,,"몬스터에게서 발견되는 보석입니다. 소켓에 장착하여 장비를 강화할 수 있습니다. 효과는 중복 적용 되지 않습니다. 마우스 오른쪽 클릭 후, 원하는 장비를 선택하여 장착합니다.",gem_mon_bubbe_fighter,,,,,,10602,부베 전사의 젬,100,0.0,0.0,1111,11,0,1.0
643549,Gem_Cataphract_Trot,,,,,,"몬스터에게서 발견되는 보석입니다. 소켓에 장착하여 장비를 강화할 수 있습니다. 효과는 중복 적용 되지 않습니다. 마우스 오른쪽 클릭 후, 원하는 장비를 선택하여 장착합니다.",gem_mon_big_cockatries,,,,,,10603,코카트의 젬,100,0.0,0.0,1111,11,0,1.0
643550,Gem_Cataphract_SteedCharge,,,,,,"몬스터에게서 발견되는 보석입니다. 소켓에 장착하여 장비를 강화할 수 있습니다. 효과는 중복 적용 되지 않습니다. 마우스 오른쪽 클릭 후, 원하는 장비를 선택하여 장착합니다.",gem_mon_bushspider,,,,,,10604,크루마보의 젬,100,0.0,0.0,1111,11,0,1.0
643551,Gem_Cataphract_DoomSpike,,,,,,"몬스터에게서 발견되는 보석입니다. 소켓에 장착하여 장비를 강화할 수 있습니다. 효과는 중복 적용 되지 않습니다. 마우스 오른쪽 클릭 후, 원하는 장비를 선택하여 장착합니다.",gem_mon_yognome,,,,,,10605,노란 요노움의 젬,100,0.0,0.0,1111,11,0,1.0
643552,Gem_Cataphract_Rush,,,,,,"몬스터에게서 발견되는 보석입니다. 소켓에 장착하여 장비를 강화할 수 있습니다. 효과는 중복 적용 되지 않습니다. 마우스 오른쪽 클릭 후, 원하는 장비를 선택하여 장착합니다.",gem_mon_big_siaulamb,,,,,,10606,빅 샤울렘의 젬,100,0.0,0.0,1111,11,0,1.0
643553,Gem_Corsair_JollyRoger,,,,,,"몬스터에게서 발견되는 보석입니다. 소켓에 장착하여 장비를 강화할 수 있습니다. 효과는 중복 적용 되지 않습니다. 마우스 오른쪽 클릭 후, 원하는 장비를 선택하여 장착합니다.",gem_mon_infro_blud,,,,,,50401,붉은 인프로 블러드의 젬,100,0.0,0.0,1111,11,0,1.0
643554,Gem_Corsair_IronHook,,,,,,"몬스터에게서 발견되는 보석입니다. 소켓에 장착하여 장비를 강화할 수 있습니다. 효과는 중복 적용 되지 않습니다. 마우스 오른쪽 클릭 후, 원하는 장비를 선택하여 장착합니다.",gem_mon_moya,,,,,,50402,노란 모야의 젬,100,0.0,0.0,1111,11,0,1.0
643555,Gem_Corsair_Keelhauling,,,,,,"몬스터에게서 발견되는 보석입니다. 소켓에 장착하여 장비를 강화할 수 있습니다. 효과는 중복 적용 되지 않습니다. 마우스 오른쪽 클릭 후, 원하는 장비를 선택하여 장착합니다.",gem_mon_hook,,,,,,50403,낡은 누덕 갈고리의 젬,100,0.0,0.0,1111,11,0,1.0
643556,Gem_Corsair_DustDevil,,,,,,"몬스터에게서 발견되는 보석입니다. 소켓에 장착하여 장비를 강화할 수 있습니다. 효과는 중복 적용 되지 않습니다. 마우스 오른쪽 클릭 후, 원하는 장비를 선택하여 장착합니다.",gem_mon_stoulet,,,,,,50405,푸른 스타울리트의 젬,100,0.0,0.0,1111,11,0,1.0
643557,Gem_Corsair_SubweaponCancel,,,,,,"몬스터에게서 발견되는 보석입니다. 소켓에 장착하여 장비를 강화할 수 있습니다. 효과는 중복 적용 되지 않습니다. 마우스 오른쪽 클릭 후, 원하는 장비를 선택하여 장착합니다.",,,,,,,50404,noname,100,0.0,0.0,1111,11,0,1.0
643558,Gem_Corsair_HexenDropper,,,,,,"몬스터에게서 발견되는 보석입니다. 소켓에 장착하여 장비를 강화할 수 있습니다. 효과는 중복 적용 되지 않습니다. 마우스 오른쪽 클릭 후, 원하는 장비를 선택하여 장착합니다.",gem_mon_spion,,,,,,50406,스피온의 젬,100,0.0,0.0,1111,11,0,1.0
643559,Gem_Doppelsoeldner_Punish,,,,,,"몬스터에게서 발견되는 보석입니다. 소켓에 장착하여 장비를 강화할 수 있습니다. 효과는 중복 적용 되지 않습니다. 마우스 오른쪽 클릭 후, 원하는 장비를 선택하여 장착합니다.",,,,,,,11004,noname,100,0.0,0.0,1111,11,0,1.0
643560,Gem_Doppelsoeldner_DeedsOfValor,,,,"[{""Stat"": ""\ub514\ub4dc \uc624\ube0c \ubc38\ub7ec \uc2a4\ud0ac \ub808\ubca8 +1""}]",,"몬스터에게서 발견되는 보석입니다. 소켓에 장착하여 장비를 강화할 수 있습니다. 효과는 중복 적용 되지 않습니다. 마우스 오른쪽 클릭 후, 원하는 장비를 선택하여 장착합니다.",,,,,,,11001,noname,100,0.0,0.0,1111,11,0,1.0
643561,Gem_Doppelsoeldner_Mordschlag,,,,,,"몬스터에게서 발견되는 보석입니다. 소켓에 장착하여 장비를 강화할 수 있습니다. 효과는 중복 적용 되지 않습니다. 마우스 오른쪽 클릭 후, 원하는 장비를 선택하여 장착합니다.",gem_mon_lemur,,,,,,11002,삭제된 젬,100,0.0,0.0,1111,11,0,1.0
643562,Gem_Doppelsoeldner_Double_pay_earn,,,,,,"몬스터에게서 발견되는 보석입니다. 소켓에 장착하여 장비를 강화할 수 있습니다. 효과는 중복 적용 되지 않습니다. 마우스 오른쪽 클릭 후, 원하는 장비를 선택하여 장착합니다.",gem_mon_candle_spider_yellow,,,,,,11003,노란 양초거미의 젬,100,0.0,0.0,1111,11,0,1.0
643563,Gem_Doppelsoeldner_Cyclone,,,,,,"몬스터에게서 발견되는 보석입니다. 소켓에 장착하여 장비를 강화할 수 있습니다. 효과는 중복 적용 되지 않습니다. 마우스 오른쪽 클릭 후, 원하는 장비를 선택하여 장착합니다.",gem_mon_rubabos,,,,,,11005,루바보스의 젬,100,0.0,0.0,1111,11,0,1.0
643564,Gem_Rodelero_ShieldCharge,,,,,,"몬스터에게서 발견되는 보석입니다. 소켓에 장착하여 장비를 강화할 수 있습니다. 효과는 중복 적용 되지 않습니다. 마우스 오른쪽 클릭 후, 원하는 장비를 선택하여 장착합니다.",gem_mon_treeambulo,,,,,,10501,트리암불로의 젬,100,0.0,0.0,1111,11,0,1.0
643565,Gem_Rodelero_Montano,,,,,,"몬스터에게서 발견되는 보석입니다. 소켓에 장착하여 장비를 강화할 수 있습니다. 효과는 중복 적용 되지 않습니다. 마우스 오른쪽 클릭 후, 원하는 장비를 선택하여 장착합니다.",gem_mon_bume_goblin_spear,,,,,,10502,하이 부베의 젬,100,0.0,0.0,1111,11,0,1.0
643566,Gem_Rodelero_TargeSmash,,,,,,"몬스터에게서 발견되는 보석입니다. 소켓에 장착하여 장비를 강화할 수 있습니다. 효과는 중복 적용 되지 않습니다. 마우스 오른쪽 클릭 후, 원하는 장비를 선택하여 장착합니다.",gem_mon_pappus_kepa_ivory,,,,,,10503,늙은케파의 젬,100,0.0,0.0,1111,11,0,1.0
643567,Gem_Rodelero_ShieldPush,,,,,,"몬스터에게서 발견되는 보석입니다. 소켓에 장착하여 장비를 강화할 수 있습니다. 효과는 중복 적용 되지 않습니다. 마우스 오른쪽 클릭 후, 원하는 장비를 선택하여 장착합니다.",gem_mon_fire_dragon,,,,,,10504,드레이크의 젬,100,0.0,0.0,1111,11,0,1.0
643568,Gem_Rodelero_ShieldShoving,,,,,,"몬스터에게서 발견되는 보석입니다. 소켓에 장착하여 장비를 강화할 수 있습니다. 효과는 중복 적용 되지 않습니다. 마우스 오른쪽 클릭 후, 원하는 장비를 선택하여 장착합니다.",gem_mon_mirtislampa,,,,,,10507,거대 박쥐의 젬,100,0.0,0.0,1111,11,0,1.0
643569,Gem_Rodelero_ShieldBash,,,,,,"몬스터에게서 발견되는 보석입니다. 소켓에 장착하여 장비를 강화할 수 있습니다. 효과는 중복 적용 되지 않습니다. 마우스 오른쪽 클릭 후, 원하는 장비를 선택하여 장착합니다.",gem_mon_raffly-b,[642082],,,,,10508,푸른 라플리의 젬,100,0.0,0.0,1111,11,0,1.0
643570,Gem_Rodelero_Slithering,,,,"[{""Stat"": ""\ud68c\ud53c\uc774\ub3d9 \uc2a4\ud0ac \ub808\ubca8 +1""}]",,"몬스터에게서 발견되는 보석입니다. 소켓에 장착하여 장비를 강화할 수 있습니다. 효과는 중복 적용 되지 않습니다. 마우스 오른쪽 클릭 후, 원하는 장비를 선택하여 장착합니다.",gem_mon_nuka,,,,,,10505,누카의 젬,100,0.0,0.0,1111,11,0,1.0
643571,Gem_Rodelero_ShootingStar,,,,,,"몬스터에게서 발견되는 보석입니다. 소켓에 장착하여 장비를 강화할 수 있습니다. 효과는 중복 적용 되지 않습니다. 마우스 오른쪽 클릭 후, 원하는 장비를 선택하여 장착합니다.",gem_mon_goblin2_hammer,,,,,,10506,삭제된 젬,100,0.0,0.0,1111,11,0,1.0
643572,Gem_Rodelero_HighKick,,,,,,"몬스터에게서 발견되는 보석입니다. 소켓에 장착하여 장비를 강화할 수 있습니다. 효과는 중복 적용 되지 않습니다. 마우스 오른쪽 클릭 후, 원하는 장비를 선택하여 장착합니다.",,,,,,,10509,noname,100,0.0,0.0,1111,11,0,1.0
643573,Gem_Squire_Arrest,,,,,,"몬스터에게서 발견되는 보석입니다. 소켓에 장착하여 장비를 강화할 수 있습니다. 효과는 중복 적용 되지 않습니다. 마우스 오른쪽 클릭 후, 원하는 장비를 선택하여 장착합니다.",gem_mon_honeymeli,,,,,,50302,허니멜리의 젬,100,0.0,0.0,1111,11,0,1.0
643574,Gem_Fencer_Lunge,,,,,,"몬스터에게서 발견되는 보석입니다. 소켓에 장착하여 장비를 강화할 수 있습니다. 효과는 중복 적용 되지 않습니다. 마우스 오른쪽 클릭 후, 원하는 장비를 선택하여 장착합니다.",gem_mon_denden,,,,,,11102,삭제된 젬,100,0.0,0.0,1111,11,0,1.0
643575,Gem_Fencer_SeptEtoiles,,,,,,"몬스터에게서 발견되는 보석입니다. 소켓에 장착하여 장비를 강화할 수 있습니다. 효과는 중복 적용 되지 않습니다. 마우스 오른쪽 클릭 후, 원하는 장비를 선택하여 장착합니다.",gem_mon_lemuria,,,,,,11103,레무리아의 젬,100,0.0,0.0,1111,11,0,1.0
643576,Gem_Fencer_AttaqueCoquille,,,,,,"몬스터에게서 발견되는 보석입니다. 소켓에 장착하여 장비를 강화할 수 있습니다. 효과는 중복 적용 되지 않습니다. 마우스 오른쪽 클릭 후, 원하는 장비를 선택하여 장착합니다.",gem_mon_velffigy,,,,,,11104,삭제된 젬,100,0.0,0.0,1111,11,0,1.0
643577,Gem_Fencer_EsquiveToucher,,,,,,"몬스터에게서 발견되는 보석입니다. 소켓에 장착하여 장비를 강화할 수 있습니다. 효과는 중복 적용 되지 않습니다. 마우스 오른쪽 클릭 후, 원하는 장비를 선택하여 장착합니다.",,,,,,,11105,noname,100,0.0,0.0,1111,11,0,1.0
643578,Gem_Fencer_Flanconnade,,,,,,"몬스터에게서 발견되는 보석입니다. 소켓에 장착하여 장비를 강화할 수 있습니다. 효과는 중복 적용 되지 않습니다. 마우스 오른쪽 클릭 후, 원하는 장비를 선택하여 장착합니다.",,,,,,,11107,noname,100,0.0,0.0,1111,11,0,1.0
643579,Gem_Fencer_AttaqueComposee,,,,,,"몬스터에게서 발견되는 보석입니다. 소켓에 장착하여 장비를 강화할 수 있습니다. 효과는 중복 적용 되지 않습니다. 마우스 오른쪽 클릭 후, 원하는 장비를 선택하여 장착합니다.",,,,,,,11101,noname,100,0.0,0.0,1111,11,0,1.0
643580,Gem_Wizard_EnergyBolt,,,,,,"몬스터에게서 발견되는 보석입니다. 소켓에 장착하여 장비를 강화할 수 있습니다. 효과는 중복 적용 되지 않습니다. 마우스 오른쪽 클릭 후, 원하는 장비를 선택하여 장착합니다.",gem_mon_moss3,,,,,,20001,잎방개의 젬,100,0.0,0.0,1111,11,0,1.0
643581,Gem_Wizard_Lethargy,,,,,,"몬스터에게서 발견되는 보석입니다. 소켓에 장착하여 장비를 강화할 수 있습니다. 효과는 중복 적용 되지 않습니다. 마우스 오른쪽 클릭 후, 원하는 장비를 선택하여 장착합니다.",gem_mon_onion,,,,,,20002,케파의 젬,100,0.0,0.0,1111,11,0,1.0
643582,Gem_Wizard_Sleep,,,,,,"몬스터에게서 발견되는 보석입니다. 소켓에 장착하여 장비를 강화할 수 있습니다. 효과는 중복 적용 되지 않습니다. 마우스 오른쪽 클릭 후, 원하는 장비를 선택하여 장착합니다.",gem_mon_shredded,,,,,,20003,삭제된 젬,100,0.0,0.0,1111,11,0,1.0
643583,Gem_Wizard_ReflectShield,,,,"[{""Stat"": ""\ub9e4\uc9c1 \uc2e4\ub4dc \uc2a4\ud0ac \ub808\ubca8 +1""}]",,"몬스터에게서 발견되는 보석입니다. 소켓에 장착하여 장비를 강화할 수 있습니다. 효과는 중복 적용 되지 않습니다. 마우스 오른쪽 클릭 후, 원하는 장비를 선택하여 장착합니다.",gem_mon_popolion3,,,,,,20004,포포리온의 젬,100,0.0,0.0,1111,11,0,1.0
643584,Gem_Wizard_EarthQuake,,,,,,"몬스터에게서 발견되는 보석입니다. 소켓에 장착하여 장비를 강화할 수 있습니다. 효과는 중복 적용 되지 않습니다. 마우스 오른쪽 클릭 후, 원하는 장비를 선택하여 장착합니다.",gem_mon_whip_vine,,,,,,20005,라플라워의 젬,100,0.0,0.0,1111,11,0,1.0
643585,Gem_Wizard_Surespell,,,,"[{""Stat"": ""\uc288\uc5b4\uc2a4\ud3a0 \uc2a4\ud0ac \ub808\ubca8 +1""}]",,"몬스터에게서 발견되는 보석입니다. 소켓에 장착하여 장비를 강화할 수 있습니다. 효과는 중복 적용 되지 않습니다. 마우스 오른쪽 클릭 후, 원하는 장비를 선택하여 장착합니다.",gem_mon_banshee,,,,,,20006,삭제된 젬,100,0.0,0.0,1111,11,0,1.0
643586,Gem_Wizard_MagicMissile,,,,,,"몬스터에게서 발견되는 보석입니다. 소켓에 장착하여 장비를 강화할 수 있습니다. 효과는 중복 적용 되지 않습니다. 마우스 오른쪽 클릭 후, 원하는 장비를 선택하여 장착합니다.",gem_mon_templeslave_mage,,,,,,20007,템플슬레이브 메이지의 젬,100,0.0,0.0,1111,11,0,1.0
643587,Gem_Pyromancer_FireBall,,,,,,"몬스터에게서 발견되는 보석입니다. 소켓에 장착하여 장비를 강화할 수 있습니다. 효과는 중복 적용 되지 않습니다. 마우스 오른쪽 클릭 후, 원하는 장비를 선택하여 장착합니다.",gem_mon_deadbornscab_mage,,,,,,20101,데드본스캡 마법사의 젬,100,0.0,0.0,1111,11,0,1.0
643588,Gem_Pyromancer_FireWall,,,,,,"몬스터에게서 발견되는 보석입니다. 소켓에 장착하여 장비를 강화할 수 있습니다. 효과는 중복 적용 되지 않습니다. 마우스 오른쪽 클릭 후, 원하는 장비를 선택하여 장착합니다.",gem_mon_new_desmodus,,,,,,20102,데스모두의 젬,100,0.0,0.0,1111,11,0,1.0
643589,Gem_Pyromancer_EnchantFire,,,,,,"몬스터에게서 발견되는 보석입니다. 소켓에 장착하여 장비를 강화할 수 있습니다. 효과는 중복 적용 되지 않습니다. 마우스 오른쪽 클릭 후, 원하는 장비를 선택하여 장착합니다.",gem_mon_zibu_maize,,,,,,20103,검은 마이즈의 젬,100,0.0,0.0,1111,11,0,1.0
643590,Gem_Pyromancer_Flare,,,,,,"몬스터에게서 발견되는 보석입니다. 소켓에 장착하여 장비를 강화할 수 있습니다. 효과는 중복 적용 되지 않습니다. 마우스 오른쪽 클릭 후, 원하는 장비를 선택하여 장착합니다.",gem_mon_tiny_mage,,,,,,20104,삭제된 젬,100,0.0,0.0,1111,11,0,1.0
643591,Gem_Pyromancer_FlameGround,,,,,,"몬스터에게서 발견되는 보석입니다. 소켓에 장착하여 장비를 강화할 수 있습니다. 효과는 중복 적용 되지 않습니다. 마우스 오른쪽 클릭 후, 원하는 장비를 선택하여 장착합니다.",gem_mon_galok,,,,,,20107,갈록의 젬,100,0.0,0.0,1111,11,0,1.0
643592,Gem_Pyromancer_FirePillar,,,,,,"몬스터에게서 발견되는 보석입니다. 소켓에 장착하여 장비를 강화할 수 있습니다. 효과는 중복 적용 되지 않습니다. 마우스 오른쪽 클릭 후, 원하는 장비를 선택하여 장착합니다.",gem_mon_chupacabra_desert,,,,,,20105,사막 츄파카브라의 젬,100,0.0,0.0,1111,11,0,1.0
643593,Gem_Pyromancer_HellBreath,,,,,,"몬스터에게서 발견되는 보석입니다. 소켓에 장착하여 장비를 강화할 수 있습니다. 효과는 중복 적용 되지 않습니다. 마우스 오른쪽 클릭 후, 원하는 장비를 선택하여 장착합니다.",gem_mon_colimen_mage,,,,,,20106,콜리멘 마법사의 젬,100,0.0,0.0,1111,11,0,1.0
643594,Gem_Cryomancer_IceBolt,,,,,,"몬스터에게서 발견되는 보석입니다. 소켓에 장착하여 장비를 강화할 수 있습니다. 효과는 중복 적용 되지 않습니다. 마우스 오른쪽 클릭 후, 원하는 장비를 선택하여 장착합니다.",gem_mon_caro,,,,,,20201,카로의 젬,100,0.0,0.0,1111,11,0,1.0
643595,Gem_Cryomancer_IciclePike,,,,,,"몬스터에게서 발견되는 보석입니다. 소켓에 장착하여 장비를 강화할 수 있습니다. 효과는 중복 적용 되지 않습니다. 마우스 오른쪽 클릭 후, 원하는 장비를 선택하여 장착합니다.",gem_mon_carcashu,,,,,,20202,카르카슈의 젬,100,0.0,0.0,1111,11,0,1.0
643596,Gem_Cryomancer_IceWall,,,,,,"몬스터에게서 발견되는 보석입니다. 소켓에 장착하여 장비를 강화할 수 있습니다. 효과는 중복 적용 되지 않습니다. 마우스 오른쪽 클릭 후, 원하는 장비를 선택하여 장착합니다.",gem_mon_humming_bud,,,,,,20203,허밍버드의 젬,100,0.0,0.0,1111,11,0,1.0
643597,Gem_Cryomancer_IceBlast,,,,,,"몬스터에게서 발견되는 보석입니다. 소켓에 장착하여 장비를 강화할 수 있습니다. 효과는 중복 적용 되지 않습니다. 마우스 오른쪽 클릭 후, 원하는 장비를 선택하여 장착합니다.",gem_mon_tanu,,,,,,20204,타누의 젬,100,0.0,0.0,1111,11,0,1.0
643598,Gem_Cryomancer_Gust,,,,,,"몬스터에게서 발견되는 보석입니다. 소켓에 장착하여 장비를 강화할 수 있습니다. 효과는 중복 적용 되지 않습니다. 마우스 오른쪽 클릭 후, 원하는 장비를 선택하여 장착합니다.",gem_mon_wendigo,,,,,,20206,삭제된 젬,100,0.0,0.0,1111,11,0,1.0
643599,Gem_Cryomancer_SnowRolling,,,,,,"몬스터에게서 발견되는 보석입니다. 소켓에 장착하여 장비를 강화할 수 있습니다. 효과는 중복 적용 되지 않습니다. 마우스 오른쪽 클릭 후, 원하는 장비를 선택하여 장착합니다.",gem_mon_minos_mage,,,,,,20207,미노스 메이지의 젬,100,0.0,0.0,1111,11,0,1.0
643600,Gem_Cryomancer_FrostPillar,,,,,,"몬스터에게서 발견되는 보석입니다. 소켓에 장착하여 장비를 강화할 수 있습니다. 효과는 중복 적용 되지 않습니다. 마우스 오른쪽 클릭 후, 원하는 장비를 선택하여 장착합니다.",gem_mon_bubbe_mage_ice,,,,,,20208,부베 얼음 마법사의 젬,100,0.0,0.0,1111,11,0,1.0
643601,Gem_Psychokino_PsychicPressure,,,,,,"몬스터에게서 발견되는 보석입니다. 소켓에 장착하여 장비를 강화할 수 있습니다. 효과는 중복 적용 되지 않습니다. 마우스 오른쪽 클릭 후, 원하는 장비를 선택하여 장착합니다.",gem_mon_spector_gh,,,,,,20301,초록 어패리션의 젬,100,0.0,0.0,1111,11,0,1.0
643602,Gem_Psychokino_Telekinesis,,,,,,"몬스터에게서 발견되는 보석입니다. 소켓에 장착하여 장비를 강화할 수 있습니다. 효과는 중복 적용 되지 않습니다. 마우스 오른쪽 클릭 후, 원하는 장비를 선택하여 장착합니다.",gem_mon_wendigo_mage,,,,,,20302,삭제된 젬,100,0.0,0.0,1111,11,0,1.0
643603,Gem_Psychokino_Swap,,,,,,"몬스터에게서 발견되는 보석입니다. 소켓에 장착하여 장비를 강화할 수 있습니다. 효과는 중복 적용 되지 않습니다. 마우스 오른쪽 클릭 후, 원하는 장비를 선택하여 장착합니다.",gem_mon_colitile,,,,,,20303,콜리타일의 젬,100,0.0,0.0,1111,11,0,1.0
643604,Gem_Psychokino_Teleportation,,,,,,"몬스터에게서 발견되는 보석입니다. 소켓에 장착하여 장비를 강화할 수 있습니다. 효과는 중복 적용 되지 않습니다. 마우스 오른쪽 클릭 후, 원하는 장비를 선택하여 장착합니다.",gem_mon_moss3,,,,,,20304,카타콤 잎방개의 젬,100,0.0,0.0,1111,11,0,1.0
643605,Gem_Psychokino_MagneticForce,,,,,,"몬스터에게서 발견되는 보석입니다. 소켓에 장착하여 장비를 강화할 수 있습니다. 효과는 중복 적용 되지 않습니다. 마우스 오른쪽 클릭 후, 원하는 장비를 선택하여 장착합니다.",gem_mon_hallowventor,,,,,,20305,할로우벤터의 젬,100,0.0,0.0,1111,11,0,1.0
643606,Gem_Psychokino_Raise,,,,,,"몬스터에게서 발견되는 보석입니다. 소켓에 장착하여 장비를 강화할 수 있습니다. 효과는 중복 적용 되지 않습니다. 마우스 오른쪽 클릭 후, 원하는 장비를 선택하여 장착합니다.",gem_mon_elet,,,,,,20306,엘렛의 젬,100,0.0,0.0,1111,11,0,1.0
643607,Gem_Psychokino_GravityPole,,,,,,"몬스터에게서 발견되는 보석입니다. 소켓에 장착하여 장비를 강화할 수 있습니다. 효과는 중복 적용 되지 않습니다. 마우스 오른쪽 클릭 후, 원하는 장비를 선택하여 장착합니다.",gem_mon_tama,,,,,,20307,주황 타마의 젬,100,0.0,0.0,1111,11,0,1.0
643608,Gem_Sorcerer_Summoning,,,,,,"몬스터에게서 발견되는 보석입니다. 소켓에 장착하여 장비를 강화할 수 있습니다. 효과는 중복 적용 되지 않습니다. 마우스 오른쪽 클릭 후, 원하는 장비를 선택하여 장착합니다.",gem_mon_siaulav_mage,,,,,,20701,샤울라브 메이지의 젬,100,0.0,0.0,1111,11,0,1.0
643609,Gem_Sorcerer_SummonFamiliar,,,,,,"몬스터에게서 발견되는 보석입니다. 소켓에 장착하여 장비를 강화할 수 있습니다. 효과는 중복 적용 되지 않습니다. 마우스 오른쪽 클릭 후, 원하는 장비를 선택하여 장착합니다.",gem_mon_terranymph,,,,,,20706,테라임프의 젬,100,0.0,0.0,1111,11,0,1.0
643610,Gem_Sorcerer_SummonSalamion,,,,,,"몬스터에게서 발견되는 보석입니다. 소켓에 장착하여 장비를 강화할 수 있습니다. 효과는 중복 적용 되지 않습니다. 마우스 오른쪽 클릭 후, 원하는 장비를 선택하여 장착합니다.",gem_mon_defender_spider,,,,,,20707,수호 거미의 젬,100,0.0,0.0,1111,11,0,1.0
643611,Gem_Linker_Physicallink,,,,,,"몬스터에게서 발견되는 보석입니다. 소켓에 장착하여 장비를 강화할 수 있습니다. 효과는 중복 적용 되지 않습니다. 마우스 오른쪽 클릭 후, 원하는 장비를 선택하여 장착합니다.",gem_mon_whip_vine,,,,,,50702,콜리플라워의 젬,100,0.0,0.0,1111,11,0,1.0
643612,Gem_Linker_JointPenalty,,,,,,"몬스터에게서 발견되는 보석입니다. 소켓에 장착하여 장비를 강화할 수 있습니다. 효과는 중복 적용 되지 않습니다. 마우스 오른쪽 클릭 후, 원하는 장비를 선택하여 장착합니다.",gem_mon_dandel,,,,,,50703,단델의 젬,100,0.0,0.0,1111,11,0,1.0
643613,Gem_Linker_HangmansKnot,,,,,,"몬스터에게서 발견되는 보석입니다. 소켓에 장착하여 장비를 강화할 수 있습니다. 효과는 중복 적용 되지 않습니다. 마우스 오른쪽 클릭 후, 원하는 장비를 선택하여 장착합니다.",gem_mon_velwriggler,,,,,,50704,벨리글러의 젬,100,0.0,0.0,1111,11,0,1.0
643614,Gem_Linker_SpiritualChain,,,,,,"몬스터에게서 발견되는 보석입니다. 소켓에 장착하여 장비를 강화할 수 있습니다. 효과는 중복 적용 되지 않습니다. 마우스 오른쪽 클릭 후, 원하는 장비를 선택하여 장착합니다.",gem_mon_scorpion,,,,,,,삭제된 젬,100,0.0,0.0,1111,11,0,1.0
643615,Gem_Linker_UmbilicalCord,,,,,,"몬스터에게서 발견되는 보석입니다. 소켓에 장착하여 장비를 강화할 수 있습니다. 효과는 중복 적용 되지 않습니다. 마우스 오른쪽 클릭 후, 원하는 장비를 선택하여 장착합니다.",gem_mon_cyst,,,,,,50705,시스트의 젬,100,0.0,0.0,1111,11,0,1.0
643616,Gem_Chronomancer_Quicken,,,,,,"몬스터에게서 발견되는 보석입니다. 소켓에 장착하여 장비를 강화할 수 있습니다. 효과는 중복 적용 되지 않습니다. 마우스 오른쪽 클릭 후, 원하는 장비를 선택하여 장착합니다.",gem_mon_siaulamb,,,,,,,샤울렘 라군의 젬,100,0.0,0.0,1111,11,0,1.0
643617,Gem_Chronomancer_Samsara,,,,,,"몬스터에게서 발견되는 보석입니다. 소켓에 장착하여 장비를 강화할 수 있습니다. 효과는 중복 적용 되지 않습니다. 마우스 오른쪽 클릭 후, 원하는 장비를 선택하여 장착합니다.",gem_mon_hohen_mane,,,,,,20802,호헨 메인의 젬,100,0.0,0.0,1111,11,0,1.0
643618,Gem_Chronomancer_Stop,,,,,,"몬스터에게서 발견되는 보석입니다. 소켓에 장착하여 장비를 강화할 수 있습니다. 효과는 중복 적용 되지 않습니다. 마우스 오른쪽 클릭 후, 원하는 장비를 선택하여 장착합니다.",gem_mon_ultanun,,,,,,20803,멜라타눈의 젬,100,0.0,0.0,1111,11,0,1.0
643619,Gem_Chronomancer_Slow,,,,,,"몬스터에게서 발견되는 보석입니다. 소켓에 장착하여 장비를 강화할 수 있습니다. 효과는 중복 적용 되지 않습니다. 마우스 오른쪽 클릭 후, 원하는 장비를 선택하여 장착합니다.",gem_mon_burialer,,,,,,20804,베리얼러의 젬,100,0.0,0.0,1111,11,0,1.0
643620,Gem_Chronomancer_Haste,,,,,,"몬스터에게서 발견되는 보석입니다. 소켓에 장착하여 장비를 강화할 수 있습니다. 효과는 중복 적용 되지 않습니다. 마우스 오른쪽 클릭 후, 원하는 장비를 선택하여 장착합니다.",gem_mon_goblin2_wand3,,,,,,,고블린 메지션의 젬,100,0.0,0.0,1111,11,0,1.0
643621,Gem_Chronomancer_BackMasking,,,,,,"몬스터에게서 발견되는 보석입니다. 소켓에 장착하여 장비를 강화할 수 있습니다. 효과는 중복 적용 되지 않습니다. 마우스 오른쪽 클릭 후, 원하는 장비를 선택하여 장착합니다.",gem_mon_chupaluka,,,,,,20806,츄파루카의 젬,100,0.0,0.0,1111,11,0,1.0
643622,Gem_Necromancer_GatherCorpse,,,,,,"몬스터에게서 발견되는 보석입니다. 소켓에 장착하여 장비를 강화할 수 있습니다. 효과는 중복 적용 되지 않습니다. 마우스 오른쪽 클릭 후, 원하는 장비를 선택하여 장착합니다.",,,,,,,20901,noname,100,0.0,0.0,1111,11,0,1.0
643623,Gem_Necromancer_FleshCannon,,,,,,"몬스터에게서 발견되는 보석입니다. 소켓에 장착하여 장비를 강화할 수 있습니다. 효과는 중복 적용 되지 않습니다. 마우스 오른쪽 클릭 후, 원하는 장비를 선택하여 장착합니다.",gem_mon_raider_bow,,,,,,20903,케파 레이더 마법사의 젬,100,0.0,0.0,1111,11,0,1.0
643624,Gem_Necromancer_FleshHoop,,,,,,"몬스터에게서 발견되는 보석입니다. 소켓에 장착하여 장비를 강화할 수 있습니다. 효과는 중복 적용 되지 않습니다. 마우스 오른쪽 클릭 후, 원하는 장비를 선택하여 장착합니다.",,,,,,,20904,noname,100,0.0,0.0,1111,11,0,1.0
643625,Gem_Necromancer_DirtyPole,,,,,,"몬스터에게서 발견되는 보석입니다. 소켓에 장착하여 장비를 강화할 수 있습니다. 효과는 중복 적용 되지 않습니다. 마우스 오른쪽 클릭 후, 원하는 장비를 선택하여 장착합니다.",,,,,,,20907,noname,100,0.0,0.0,1111,11,0,1.0
643626,Gem_Necromancer_CorpseTower,,,,,,"몬스터에게서 발견되는 보석입니다. 소켓에 장착하여 장비를 강화할 수 있습니다. 효과는 중복 적용 되지 않습니다. 마우스 오른쪽 클릭 후, 원하는 장비를 선택하여 장착합니다.",gem_mon_rambear_mage,,,,,,20908,램베어 마법사의 젬,100,0.0,0.0,1111,11,0,1.0
643627,Gem_Thaumaturge_SwellLeftArm,,,,,,"몬스터에게서 발견되는 보석입니다. 소켓에 장착하여 장비를 강화할 수 있습니다. 효과는 중복 적용 되지 않습니다. 마우스 오른쪽 클릭 후, 원하는 장비를 선택하여 장착합니다.",gem_mon_varv,,,,,,,삭제된 젬,100,0.0,0.0,1111,11,0,1.0
643628,Gem_Thaumaturge_ShrinkBody,,,,,,"몬스터에게서 발견되는 보석입니다. 소켓에 장착하여 장비를 강화할 수 있습니다. 효과는 중복 적용 되지 않습니다. 마우스 오른쪽 클릭 후, 원하는 장비를 선택하여 장착합니다.",gem_mon_kepari_mage,,,,,,50601,케파리 주술사의 젬,100,0.0,0.0,1111,11,0,1.0
643629,Gem_Thaumaturge_SwellBody,,,,,,"몬스터에게서 발견되는 보석입니다. 소켓에 장착하여 장비를 강화할 수 있습니다. 효과는 중복 적용 되지 않습니다. 마우스 오른쪽 클릭 후, 원하는 장비를 선택하여 장착합니다.",gem_mon_terranymph_mage,,,,,,50602,테라임프 메이지의 젬,100,0.0,0.0,1111,11,0,1.0
643630,Gem_Thaumaturge_Transpose,,,,"[{""Stat"": ""\ud2b8\ub79c\uc2a4\ud3ec\uc988 \uc2a4\ud0ac \ub808\ubca8 +1""}]",,"몬스터에게서 발견되는 보석입니다. 소켓에 장착하여 장비를 강화할 수 있습니다. 효과는 중복 적용 되지 않습니다. 마우스 오른쪽 클릭 후, 원하는 장비를 선택하여 장착합니다.",gem_mon_jellyfish_red,,,,,,,삭제된 젬,100,0.0,0.0,1111,11,0,1.0
643631,Gem_Thaumaturge_SwellRightArm,,,,,,"몬스터에게서 발견되는 보석입니다. 소켓에 장착하여 장비를 강화할 수 있습니다. 효과는 중복 적용 되지 않습니다. 마우스 오른쪽 클릭 후, 원하는 장비를 선택하여 장착합니다.",gem_mon_duckey,,,,,,,삭제된 젬,100,0.0,0.0,1111,11,0,1.0
643632,Gem_Thaumaturge_SwellBrain,,,,"[{""Stat"": ""\uc2a4\uc6f0 \ube0c\ub808\uc778 \uc2a4\ud0ac \ub808\ubca8 +1""}]",,"몬스터에게서 발견되는 보석입니다. 소켓에 장착하여 장비를 강화할 수 있습니다. 효과는 중복 적용 되지 않습니다. 마우스 오른쪽 클릭 후, 원하는 장비를 선택하여 장착합니다.",,,,,,,50604,noname,100,0.0,0.0,1111,11,0,1.0
643633,Gem_Elementalist_Electrocute,,,,,,"몬스터에게서 발견되는 보석입니다. 소켓에 장착하여 장비를 강화할 수 있습니다. 효과는 중복 적용 되지 않습니다. 마우스 오른쪽 클릭 후, 원하는 장비를 선택하여 장착합니다.",gem_mon_stub_tree_mage,,,,,,20601,몽당 나무 마법사의 젬,100,0.0,0.0,1111,11,0,1.0
643634,Gem_Elementalist_StoneCurse,,,,,,"몬스터에게서 발견되는 보석입니다. 소켓에 장착하여 장비를 강화할 수 있습니다. 효과는 중복 적용 되지 않습니다. 마우스 오른쪽 클릭 후, 원하는 장비를 선택하여 장착합니다.",gem_mon_katynforest_zombie_03,,,,,,20602,피셔맨의 젬,100,0.0,0.0,1111,11,0,1.0
643635,Gem_Elementalist_Hail,,,,,,"몬스터에게서 발견되는 보석입니다. 소켓에 장착하여 장비를 강화할 수 있습니다. 효과는 중복 적용 되지 않습니다. 마우스 오른쪽 클릭 후, 원하는 장비를 선택하여 장착합니다.",gem_mon_stoulet_mage,,,,,,20603,스타울리트 메이지의 젬,100,0.0,0.0,1111,11,0,1.0
643636,Gem_Elementalist_Prominence,,,,,,"몬스터에게서 발견되는 보석입니다. 소켓에 장착하여 장비를 강화할 수 있습니다. 효과는 중복 적용 되지 않습니다. 마우스 오른쪽 클릭 후, 원하는 장비를 선택하여 장착합니다.",gem_mon_bubbe_mage_fire,,,,,,,삭제된 젬,100,0.0,0.0,1111,11,0,1.0
643637,Gem_Elementalist_Meteor,,,,,,"몬스터에게서 발견되는 보석입니다. 소켓에 장착하여 장비를 강화할 수 있습니다. 효과는 중복 적용 되지 않습니다. 마우스 오른쪽 클릭 후, 원하는 장비를 선택하여 장착합니다.",gem_mon_pawnd_purple,,,,,,20605,검은 폰드의 젬,100,0.0,0.0,1111,11,0,1.0
643638,Gem_Elementalist_FreezingSphere,,,,,,"몬스터에게서 발견되는 보석입니다. 소켓에 장착하여 장비를 강화할 수 있습니다. 효과는 중복 적용 되지 않습니다. 마우스 오른쪽 클릭 후, 원하는 장비를 선택하여 장착합니다.",gem_mon_infrohoglan,,,,,,20607,삭제된 젬,100,0.0,0.0,1111,11,0,1.0
643639,Gem_Elementalist_Rain,,,,,,"몬스터에게서 발견되는 보석입니다. 소켓에 장착하여 장비를 강화할 수 있습니다. 효과는 중복 적용 되지 않습니다. 마우스 오른쪽 클릭 후, 원하는 장비를 선택하여 장착합니다.",gem_mon_saltisdaughter_mage,,,,,,20606,살티스도터 마법사의 젬,100,0.0,0.0,1111,11,0,1.0
643640,Gem_Elementalist_FrostCloud,,,,,,"몬스터에게서 발견되는 보석입니다. 소켓에 장착하여 장비를 강화할 수 있습니다. 효과는 중복 적용 되지 않습니다. 마우스 오른쪽 클릭 후, 원하는 장비를 선택하여 장착합니다.",gem_mon_ticen_mage,,,,,,20608,티켄 마법사의 젬,100,0.0,0.0,1111,11,0,1.0
643641,Gem_Archer_SwiftStep,,,,,,"몬스터에게서 발견되는 보석입니다. 소켓에 장착하여 장비를 강화할 수 있습니다. 효과는 중복 적용 되지 않습니다. 마우스 오른쪽 클릭 후, 원하는 장비를 선택하여 장착합니다.",gem_mon_quartz_weaver,,,,,,30004,수정거미의 젬,100,0.0,0.0,1111,11,0,1.0
643642,Gem_Archer_Multishot,,,,,,"몬스터에게서 발견되는 보석입니다. 소켓에 장착하여 장비를 강화할 수 있습니다. 효과는 중복 적용 되지 않습니다. 마우스 오른쪽 클릭 후, 원하는 장비를 선택하여 장착합니다.",gem_mon_goblin_miner,,,,,,30001,부베 광부의 젬,100,0.0,0.0,1111,11,0,1.0
643643,Gem_Archer_Fulldraw,,,,,,"몬스터에게서 발견되는 보석입니다. 소켓에 장착하여 장비를 강화할 수 있습니다. 효과는 중복 적용 되지 않습니다. 마우스 오른쪽 클릭 후, 원하는 장비를 선택하여 장착합니다.",gem_mon_mirtislampa,,,,,,30002,삭제된 젬,100,0.0,0.0,1111,11,0,1.0
643644,Gem_Archer_ObliqueShot,,,,,,"몬스터에게서 발견되는 보석입니다. 소켓에 장착하여 장비를 강화할 수 있습니다. 효과는 중복 적용 되지 않습니다. 마우스 오른쪽 클릭 후, 원하는 장비를 선택하여 장착합니다.",gem_mon_onion_red,,,,,,30005,붉은 케파의 젬,100,0.0,0.0,1111,11,0,1.0
643645,Gem_Archer_Kneelingshot,,,,,,"몬스터에게서 발견되는 보석입니다. 소켓에 장착하여 장비를 강화할 수 있습니다. 효과는 중복 적용 되지 않습니다. 마우스 오른쪽 클릭 후, 원하는 장비를 선택하여 장착합니다.",gem_mon_pokubu,,,,,,,삭제된 젬,100,0.0,0.0,1111,11,0,1.0
643646,Gem_Archer_HeavyShot,,,,,,"몬스터에게서 발견되는 보석입니다. 소켓에 장착하여 장비를 강화할 수 있습니다. 효과는 중복 적용 되지 않습니다. 마우스 오른쪽 클릭 후, 원하는 장비를 선택하여 장착합니다.",gem_mon_tiny_bow,,,,,,30006,삭제된 젬,100,0.0,0.0,1111,11,0,1.0
643647,Gem_Archer_TwinArrows,,,,,,"몬스터에게서 발견되는 보석입니다. 소켓에 장착하여 장비를 강화할 수 있습니다. 효과는 중복 적용 되지 않습니다. 마우스 오른쪽 클릭 후, 원하는 장비를 선택하여 장착합니다.",gem_mon_siaulav_bow,,,,,,30007,샤울라브 궁수의 젬,100,0.0,0.0,1111,11,0,1.0
643648,Gem_Hunter_Coursing,,,,,,"몬스터에게서 발견되는 보석입니다. 소켓에 장착하여 장비를 강화할 수 있습니다. 효과는 중복 적용 되지 않습니다. 마우스 오른쪽 클릭 후, 원하는 장비를 선택하여 장착합니다.",gem_mon_merog_wogu,,,,,,30401,메로그 독침술사의 젬,100,0.0,0.0,1111,11,0,1.0
643649,Gem_Hunter_Snatching,,,,,,"몬스터에게서 발견되는 보석입니다. 소켓에 장착하여 장비를 강화할 수 있습니다. 효과는 중복 적용 되지 않습니다. 마우스 오른쪽 클릭 후, 원하는 장비를 선택하여 장착합니다.",gem_mon_wendigo_bow,,,,,,30402,삭제된 젬,100,0.0,0.0,1111,11,0,1.0
643650,Gem_Hunter_Pointing,,,,,,"몬스터에게서 발견되는 보석입니다. 소켓에 장착하여 장비를 강화할 수 있습니다. 효과는 중복 적용 되지 않습니다. 마우스 오른쪽 클릭 후, 원하는 장비를 선택하여 장착합니다.",gem_mon_lichenclops,,,,,,30405,삭제된 젬,100,0.0,0.0,1111,11,0,1.0
643651,Gem_Hunter_RushDog,,,,,,"몬스터에게서 발견되는 보석입니다. 소켓에 장착하여 장비를 강화할 수 있습니다. 효과는 중복 적용 되지 않습니다. 마우스 오른쪽 클릭 후, 원하는 장비를 선택하여 장착합니다.",gem_mon_tucen,,,,,,30403,투켄의 젬,100,0.0,0.0,1111,11,0,1.0
643652,Gem_Hunter_Retrieve,,,,,,"몬스터에게서 발견되는 보석입니다. 소켓에 장착하여 장비를 강화할 수 있습니다. 효과는 중복 적용 되지 않습니다. 마우스 오른쪽 클릭 후, 원하는 장비를 선택하여 장착합니다.",gem_mon_operor,,,,,,30406,하얀 오페러의 젬,100,0.0,0.0,1111,11,0,1.0
643653,Gem_Hunter_Hounding,,,,,,"몬스터에게서 발견되는 보석입니다. 소켓에 장착하여 장비를 강화할 수 있습니다. 효과는 중복 적용 되지 않습니다. 마우스 오른쪽 클릭 후, 원하는 장비를 선택하여 장착합니다.",gem_mon_dandel_orange,,,,,,30407,주황 단델의 젬,100,0.0,0.0,1111,11,0,1.0
643654,Gem_Hunter_Growling,,,,,,"몬스터에게서 발견되는 보석입니다. 소켓에 장착하여 장비를 강화할 수 있습니다. 효과는 중복 적용 되지 않습니다. 마우스 오른쪽 클릭 후, 원하는 장비를 선택하여 장착합니다.",gem_mon_socket,,,,,,30408,소켓의 젬,100,0.0,0.0,1111,11,0,1.0
643655,Gem_QuarrelShooter_DeployPavise,,,,,,"몬스터에게서 발견되는 보석입니다. 소켓에 장착하여 장비를 강화할 수 있습니다. 효과는 중복 적용 되지 않습니다. 마우스 오른쪽 클릭 후, 원하는 장비를 선택하여 장착합니다.",gem_mon_upent,,,,,,30201,우펜트의 젬,100,0.0,0.0,1111,11,0,1.0
643656,Gem_QuarrelShooter_ScatterCaltrop,,,,,,"몬스터에게서 발견되는 보석입니다. 소켓에 장착하여 장비를 강화할 수 있습니다. 효과는 중복 적용 되지 않습니다. 마우스 오른쪽 클릭 후, 원하는 장비를 선택하여 장착합니다.",gem_mon_npanto_archer,,,,,,30202,판토 궁수의 젬,100,0.0,0.0,1111,11,0,1.0
643657,Gem_QuarrelShooter_StoneShot,,,,,,"몬스터에게서 발견되는 보석입니다. 소켓에 장착하여 장비를 강화할 수 있습니다. 효과는 중복 적용 되지 않습니다. 마우스 오른쪽 클릭 후, 원하는 장비를 선택하여 장착합니다.",gem_mon_katynforest_zombie_02_brown,,,,,,30204,갈색 지그리의 젬,100,0.0,0.0,1111,11,0,1.0
643658,Gem_QuarrelShooter_RapidFire,,,,,,"몬스터에게서 발견되는 보석입니다. 소켓에 장착하여 장비를 강화할 수 있습니다. 효과는 중복 적용 되지 않습니다. 마우스 오른쪽 클릭 후, 원하는 장비를 선택하여 장착합니다.",gem_mon_colifly_bow,,,,,,30205,썩은 콜리플라이 궁수의 젬,100,0.0,0.0,1111,11,0,1.0
643659,Gem_QuarrelShooter_Teardown,,,,,,"몬스터에게서 발견되는 보석입니다. 소켓에 장착하여 장비를 강화할 수 있습니다. 효과는 중복 적용 되지 않습니다. 마우스 오른쪽 클릭 후, 원하는 장비를 선택하여 장착합니다.",gem_mon_repusbunny_bow,,,,,,30206,레푸스버니 암살자의 젬,100,0.0,0.0,1111,11,0,1.0
643660,Gem_QuarrelShooter_RunningShot,,,,,,"몬스터에게서 발견되는 보석입니다. 소켓에 장착하여 장비를 강화할 수 있습니다. 효과는 중복 적용 되지 않습니다. 마우스 오른쪽 클릭 후, 원하는 장비를 선택하여 장착합니다.",gem_mon_deadbornscab_bow,,,,,,30207,삭제된 젬,100,0.0,0.0,1111,11,0,1.0
643661,Gem_Ranger_Barrage,,,,,,"몬스터에게서 발견되는 보석입니다. 소켓에 장착하여 장비를 강화할 수 있습니다. 효과는 중복 적용 되지 않습니다. 마우스 오른쪽 클릭 후, 원하는 장비를 선택하여 장착합니다.",gem_mon_spion_bow,,,,,,30101,스피온 궁수의 젬,100,0.0,0.0,1111,11,0,1.0
643662,Gem_Ranger_HighAnchoring,,,,,,"몬스터에게서 발견되는 보석입니다. 소켓에 장착하여 장비를 강화할 수 있습니다. 효과는 중복 적용 되지 않습니다. 마우스 오른쪽 클릭 후, 원하는 장비를 선택하여 장착합니다.",gem_mon_npanto_hand,,,,,,30102,판토 길잡이의 젬,100,0.0,0.0,1111,11,0,1.0
643663,Gem_Ranger_CriticalShot,,,,,,"몬스터에게서 발견되는 보석입니다. 소켓에 장착하여 장비를 강화할 수 있습니다. 효과는 중복 적용 되지 않습니다. 마우스 오른쪽 클릭 후, 원하는 장비를 선택하여 장착합니다.",gem_mon_goblin_archer,,,,,,30103,부베 궁수의 젬,100,0.0,0.0,1111,11,0,1.0
643664,Gem_Ranger_SteadyAim,,,,,,"몬스터에게서 발견되는 보석입니다. 소켓에 장착하여 장비를 강화할 수 있습니다. 효과는 중복 적용 되지 않습니다. 마우스 오른쪽 클릭 후, 원하는 장비를 선택하여 장착합니다.",gem_mon_colifly_bow,,,,,,30104,콜리플라이 궁수의 젬,100,0.0,0.0,1111,11,0,1.0
643665,Gem_Ranger_TimeBombArrow,,,,,,"몬스터에게서 발견되는 보석입니다. 소켓에 장착하여 장비를 강화할 수 있습니다. 효과는 중복 적용 되지 않습니다. 마우스 오른쪽 클릭 후, 원하는 장비를 선택하여 장착합니다.",gem_mon_truffle,,,,,,30105,삭제된 젬,100,0.0,0.0,1111,11,0,1.0
643666,Gem_Ranger_BounceShot,,,,,,"몬스터에게서 발견되는 보석입니다. 소켓에 장착하여 장비를 강화할 수 있습니다. 효과는 중복 적용 되지 않습니다. 마우스 오른쪽 클릭 후, 원하는 장비를 선택하여 장착합니다.",gem_mon_katynforest_zombie_03_red,,,,,,30106,붉은 피셔맨의 젬,100,0.0,0.0,1111,11,0,1.0
643667,Gem_Ranger_SpiralArrow,,,,,,"몬스터에게서 발견되는 보석입니다. 소켓에 장착하여 장비를 강화할 수 있습니다. 효과는 중복 적용 되지 않습니다. 마우스 오른쪽 클릭 후, 원하는 장비를 선택하여 장착합니다.",gem_mon_ellom_blue,,,,,,30107,엘룸의 젬,100,0.0,0.0,1111,11,0,1.0
643668,Gem_Sapper_StakeStockades,,,,"[{""Stat"": ""\ubc29\ucc45 \uc2a4\ud0ac \ub808\ubca8 +1""}]",,"몬스터에게서 발견되는 보석입니다. 소켓에 장착하여 장비를 강화할 수 있습니다. 효과는 중복 적용 되지 않습니다. 마우스 오른쪽 클릭 후, 원하는 장비를 선택하여 장착합니다.",gem_mon_mushcarfung,,,,,,30301,카타콤 머슈카펑의 젬,100,0.0,0.0,1111,11,0,1.0
643669,Gem_Sapper_Cover,,,,"[{""Stat"": ""\uc740\ud3d0 \uc2a4\ud0ac \ub808\ubca8 +1""}]",,"몬스터에게서 발견되는 보석입니다. 소켓에 장착하여 장비를 강화할 수 있습니다. 효과는 중복 적용 되지 않습니다. 마우스 오른쪽 클릭 후, 원하는 장비를 선택하여 장착합니다.",gem_mon_sakmoli_orange,,,,,,30305,주홍 사크몰리의 젬,100,0.0,0.0,1111,11,0,1.0
643670,Gem_Sapper_Claymore,,,,,,"몬스터에게서 발견되는 보석입니다. 소켓에 장착하여 장비를 강화할 수 있습니다. 효과는 중복 적용 되지 않습니다. 마우스 오른쪽 클릭 후, 원하는 장비를 선택하여 장착합니다.",gem_mon_infroholder_bow,,,,,,30302,인프로홀더 궁수의 젬,100,0.0,0.0,1111,11,0,1.0
643671,Gem_Sapper_PunjiStake,,,,,,"몬스터에게서 발견되는 보석입니다. 소켓에 장착하여 장비를 강화할 수 있습니다. 효과는 중복 적용 되지 않습니다. 마우스 오른쪽 클릭 후, 원하는 장비를 선택하여 장착합니다.",gem_mon_hogma_archer,,,,,,30303,호그마 궁수의 젬,100,0.0,0.0,1111,11,0,1.0
643672,Gem_Sapper_DetonateTraps,,,,,,"몬스터에게서 발견되는 보석입니다. 소켓에 장착하여 장비를 강화할 수 있습니다. 효과는 중복 적용 되지 않습니다. 마우스 오른쪽 클릭 후, 원하는 장비를 선택하여 장착합니다.",gem_mon_merog_wizard,,,,,,30304,메로그 주술사의 젬,100,0.0,0.0,1111,11,0,1.0
643673,Gem_Sapper_BroomTrap,,,,,,"몬스터에게서 발견되는 보석입니다. 소켓에 장착하여 장비를 강화할 수 있습니다. 효과는 중복 적용 되지 않습니다. 마우스 오른쪽 클릭 후, 원하는 장비를 선택하여 장착합니다.",gem_mon_wolf_statue_bow,,,,,,30306,비카라스 궁수의 젬,100,0.0,0.0,1111,11,0,1.0
643674,Gem_Sapper_CollarBomb,,,,,,"몬스터에게서 발견되는 보석입니다. 소켓에 장착하여 장비를 강화할 수 있습니다. 효과는 중복 적용 되지 않습니다. 마우스 오른쪽 클릭 후, 원하는 장비를 선택하여 장착합니다.",gem_mon_rubblem,,,,,,30307,삭제된 젬,100,0.0,0.0,1111,11,0,1.0
643675,Gem_Sapper_SpikeShooter,,,,,,"몬스터에게서 발견되는 보석입니다. 소켓에 장착하여 장비를 강화할 수 있습니다. 효과는 중복 적용 되지 않습니다. 마우스 오른쪽 클릭 후, 원하는 장비를 선택하여 장착합니다.",gem_mon_infroholder,,,,,,30308,인프로 홀더의 젬,100,0.0,0.0,1111,11,0,1.0
643676,Gem_Wugushi_Detoxify,,,,"[{""Stat"": ""\ud574\ub3c5 \uc2a4\ud0ac \ub808\ubca8 +1""}]",,"몬스터에게서 발견되는 보석입니다. 소켓에 장착하여 장비를 강화할 수 있습니다. 효과는 중복 적용 되지 않습니다. 마우스 오른쪽 클릭 후, 원하는 장비를 선택하여 장착합니다.",gem_mon_ellomago,,,,,,30501,엘로마고의 젬,100,0.0,0.0,1111,11,0,1.0
643677,Gem_Wugushi_NeedleBlow,,,,,,"몬스터에게서 발견되는 보석입니다. 소켓에 장착하여 장비를 강화할 수 있습니다. 효과는 중복 적용 되지 않습니다. 마우스 오른쪽 클릭 후, 원하는 장비를 선택하여 장착합니다.",gem_mon_pino_white,[642059],,,,,30502,하얀 피노의 젬,100,0.0,0.0,1111,11,0,1.0
643678,Gem_Wugushi_Bewitch,,,,,,"몬스터에게서 발견되는 보석입니다. 소켓에 장착하여 장비를 강화할 수 있습니다. 효과는 중복 적용 되지 않습니다. 마우스 오른쪽 클릭 후, 원하는 장비를 선택하여 장착합니다.",gem_mon_cockatries,,,,,,30503,코카트리스의 젬,100,0.0,0.0,1111,11,0,1.0
643679,Gem_Wugushi_WugongGu,,,,,,"몬스터에게서 발견되는 보석입니다. 소켓에 장착하여 장비를 강화할 수 있습니다. 효과는 중복 적용 되지 않습니다. 마우스 오른쪽 클릭 후, 원하는 장비를 선택하여 장착합니다.",gem_mon_goblin_archer_red,,,,,,30504,광산 부베 궁수의 젬,100,0.0,0.0,1111,11,0,1.0
643680,Gem_Wugushi_Zhendu,,,,,,"몬스터에게서 발견되는 보석입니다. 소켓에 장착하여 장비를 강화할 수 있습니다. 효과는 중복 적용 되지 않습니다. 마우스 오른쪽 클릭 후, 원하는 장비를 선택하여 장착합니다.",gem_mon_ridimed,,,,,,30507,리디메드의 젬,100,0.0,0.0,1111,11,0,1.0
643681,Gem_Wugushi_ThrowGuPot,,,,,,"몬스터에게서 발견되는 보석입니다. 소켓에 장착하여 장비를 강화할 수 있습니다. 효과는 중복 적용 되지 않습니다. 마우스 오른쪽 클릭 후, 원하는 장비를 선택하여 장착합니다.",gem_mon_terranymph_bow,,,,,,30505,테라임프 궁수의 젬,100,0.0,0.0,1111,11,0,1.0
643682,Gem_Wugushi_JincanGu,,,,,,"몬스터에게서 발견되는 보석입니다. 소켓에 장착하여 장비를 강화할 수 있습니다. 효과는 중복 적용 되지 않습니다. 마우스 오른쪽 클릭 후, 원하는 장비를 선택하여 장착합니다.",gem_mon_moyabu_yellow,,,,,,30506,노란 모야부의 젬,100,0.0,0.0,1111,11,0,1.0
643683,Gem_Scout_FluFlu,,,,,,"몬스터에게서 발견되는 보석입니다. 소켓에 장착하여 장비를 강화할 수 있습니다. 효과는 중복 적용 되지 않습니다. 마우스 오른쪽 클릭 후, 원하는 장비를 선택하여 장착합니다.",gem_mon_zolem,,,,,,30602,삭제된 젬,100,0.0,0.0,1111,11,0,1.0
643684,Gem_Scout_FlareShot,,,,,,"몬스터에게서 발견되는 보석입니다. 소켓에 장착하여 장비를 강화할 수 있습니다. 효과는 중복 적용 되지 않습니다. 마우스 오른쪽 클릭 후, 원하는 장비를 선택하여 장착합니다.",gem_mon_bume_goblin_archer,,,,,,30603,삭제된 젬,100,0.0,0.0,1111,11,0,1.0
643685,Gem_Scout_Cloaking,,,,,,"몬스터에게서 발견되는 보석입니다. 소켓에 장착하여 장비를 강화할 수 있습니다. 효과는 중복 적용 되지 않습니다. 마우스 오른쪽 클릭 후, 원하는 장비를 선택하여 장착합니다.",gem_mon_sakmoli,,,,,,50001,사크몰리의 젬,100,0.0,0.0,1111,11,0,1.0
643686,Gem_Scout_Undistance,,,,,,"몬스터에게서 발견되는 보석입니다. 소켓에 장착하여 장비를 강화할 수 있습니다. 효과는 중복 적용 되지 않습니다. 마우스 오른쪽 클릭 후, 원하는 장비를 선택하여 장착합니다.",gem_mon_katynforest_zombie_02_red,,,,,,30605,삭제된 젬,100,0.0,0.0,1111,11,0,1.0
643687,Gem_Scout_Scan,,,,,,"몬스터에게서 발견되는 보석입니다. 소켓에 장착하여 장비를 강화할 수 있습니다. 효과는 중복 적용 되지 않습니다. 마우스 오른쪽 클릭 후, 원하는 장비를 선택하여 장착합니다.",,,,,,,30606,noname,100,0.0,0.0,1111,11,0,1.0
643688,Gem_Scout_SplitArrow,,,,,,"몬스터에게서 발견되는 보석입니다. 소켓에 장착하여 장비를 강화할 수 있습니다. 효과는 중복 적용 되지 않습니다. 마우스 오른쪽 클릭 후, 원하는 장비를 선택하여 장착합니다.",,,,,,,30608,noname,100,0.0,0.0,1111,11,0,1.0
643689,Gem_Rogue_SneakHit,,,,"[{""Stat"": ""\uc2a4\ub2c9 \ud79b \uc2a4\ud0ac \ub808\ubca8 +1""}]",,"몬스터에게서 발견되는 보석입니다. 소켓에 장착하여 장비를 강화할 수 있습니다. 효과는 중복 적용 되지 않습니다. 마우스 오른쪽 클릭 후, 원하는 장비를 선택하여 장착합니다.",gem_mon_hohen_ritter,,,,,,50901,호헨 리터의 젬,100,0.0,0.0,1111,11,0,1.0
643690,Gem_Rogue_Feint,,,,"[{""Stat"": ""\ud398\uc778\ud2b8 \uc2a4\ud0ac \ub808\ubca8 +1""}]",,"몬스터에게서 발견되는 보석입니다. 소켓에 장착하여 장비를 강화할 수 있습니다. 효과는 중복 적용 되지 않습니다. 마우스 오른쪽 클릭 후, 원하는 장비를 선택하여 장착합니다.",gem_mon_minos_bow,,,,,,50902,미노스 궁수의 젬,100,0.0,0.0,1111,11,0,1.0
643691,Gem_Rogue_Spoliation,,,,,,"몬스터에게서 발견되는 보석입니다. 소켓에 장착하여 장비를 강화할 수 있습니다. 효과는 중복 적용 되지 않습니다. 마우스 오른쪽 클릭 후, 원하는 장비를 선택하여 장착합니다.",gem_mon_nnuo,,,,,,,삭제된 젬,100,0.0,0.0,1111,11,0,1.0
643692,Gem_Rogue_Vendetta,,,,,,"몬스터에게서 발견되는 보석입니다. 소켓에 장착하여 장비를 강화할 수 있습니다. 효과는 중복 적용 되지 않습니다. 마우스 오른쪽 클릭 후, 원하는 장비를 선택하여 장착합니다.",gem_mon_wendigo_archer,,,,,,,삭제된 젬,100,0.0,0.0,1111,11,0,1.0
643693,Gem_Rogue_Burrow,,,,"[{""Stat"": ""\ubc84\ub85c\uc6b0 \uc2a4\ud0ac \ub808\ubca8 +1""}]",,"몬스터에게서 발견되는 보석입니다. 소켓에 장착하여 장비를 강화할 수 있습니다. 효과는 중복 적용 되지 않습니다. 마우스 오른쪽 클릭 후, 원하는 장비를 선택하여 장착합니다.",,,,,,,50904,noname,100,0.0,0.0,1111,11,0,1.0
643694,Gem_Rogue_Evasion,,,,,,"몬스터에게서 발견되는 보석입니다. 소켓에 장착하여 장비를 강화할 수 있습니다. 효과는 중복 적용 되지 않습니다. 마우스 오른쪽 클릭 후, 원하는 장비를 선택하여 장착합니다.",,,,,,,50903,noname,100,0.0,0.0,1111,11,0,1.0
643695,Gem_Rogue_Lachrymator,,,,,,"몬스터에게서 발견되는 보석입니다. 소켓에 장착하여 장비를 강화할 수 있습니다. 효과는 중복 적용 되지 않습니다. 마우스 오른쪽 클릭 후, 원하는 장비를 선택하여 장착합니다.",,,,,,,50905,noname,100,0.0,0.0,1111,11,0,1.0
643696,Gem_Rogue_Backstab,,,,,,"몬스터에게서 발견되는 보석입니다. 소켓에 장착하여 장비를 강화할 수 있습니다. 효과는 중복 적용 되지 않습니다. 마우스 오른쪽 클릭 후, 원하는 장비를 선택하여 장착합니다.",gem_mon_velaphid_red,,,,,,50906,벨라피드의 젬,100,0.0,0.0,1111,11,0,1.0
643697,Gem_Schwarzereiter_ConcentratedFire,,,,,,"몬스터에게서 발견되는 보석입니다. 소켓에 장착하여 장비를 강화할 수 있습니다. 효과는 중복 적용 되지 않습니다. 마우스 오른쪽 클릭 후, 원하는 장비를 선택하여 장착합니다.",gem_mon_deadbornscab_bow,,,,,,51001,오염된 데드본스캡 궁수의 젬,100,0.0,0.0,1111,11,0,1.0
643698,Gem_Schwarzereiter_Caracole,,,,,,"몬스터에게서 발견되는 보석입니다. 소켓에 장착하여 장비를 강화할 수 있습니다. 효과는 중복 적용 되지 않습니다. 마우스 오른쪽 클릭 후, 원하는 장비를 선택하여 장착합니다.",gem_mon_socket_bow,,,,,,51002,소켓 궁수의 젬,100,0.0,0.0,1111,11,0,1.0
643699,Gem_Schwarzereiter_Limacon,,,,,,"몬스터에게서 발견되는 보석입니다. 소켓에 장착하여 장비를 강화할 수 있습니다. 효과는 중복 적용 되지 않습니다. 마우스 오른쪽 클릭 후, 원하는 장비를 선택하여 장착합니다.",,,,,,,51003,noname,100,0.0,0.0,1111,11,0,1.0
643700,Gem_Schwarzereiter_RetreatShot,,,,,,"몬스터에게서 발견되는 보석입니다. 소켓에 장착하여 장비를 강화할 수 있습니다. 효과는 중복 적용 되지 않습니다. 마우스 오른쪽 클릭 후, 원하는 장비를 선택하여 장착합니다.",,,,,,,51004,noname,100,0.0,0.0,1111,11,0,1.0
643701,Gem_Fletcher_BroadHead,,,,,,"몬스터에게서 발견되는 보석입니다. 소켓에 장착하여 장비를 강화할 수 있습니다. 효과는 중복 적용 되지 않습니다. 마우스 오른쪽 클릭 후, 원하는 장비를 선택하여 장착합니다.",gem_mon_rambear_bow,,,,,,30801,램베어 궁수의 젬,100,0.0,0.0,1111,11,0,1.0
643702,Gem_Fletcher_BodkinPoint,,,,,,"몬스터에게서 발견되는 보석입니다. 소켓에 장착하여 장비를 강화할 수 있습니다. 효과는 중복 적용 되지 않습니다. 마우스 오른쪽 클릭 후, 원하는 장비를 선택하여 장착합니다.",gem_mon_colifly_bow,,,,,,30802,콜리플라이의 젬,100,0.0,0.0,1111,11,0,1.0
643703,Gem_Fletcher_BarbedArrow,,,,,,"몬스터에게서 발견되는 보석입니다. 소켓에 장착하여 장비를 강화할 수 있습니다. 효과는 중복 적용 되지 않습니다. 마우스 오른쪽 클릭 후, 원하는 장비를 선택하여 장착합니다.",gem_mon_stoulet_bow,,,,,,30803,스타울리트 궁수의 젬,100,0.0,0.0,1111,11,0,1.0
643704,Gem_Fletcher_CrossFire,,,,,,"몬스터에게서 발견되는 보석입니다. 소켓에 장착하여 장비를 강화할 수 있습니다. 효과는 중복 적용 되지 않습니다. 마우스 오른쪽 클릭 후, 원하는 장비를 선택하여 장착합니다.",gem_mon_loftlem,,,,,,30804,청아한 로프틀렘의 젬,100,0.0,0.0,1111,11,0,1.0
643705,Gem_Fletcher_MagicArrow,,,,,,"몬스터에게서 발견되는 보석입니다. 소켓에 장착하여 장비를 강화할 수 있습니다. 효과는 중복 적용 되지 않습니다. 마우스 오른쪽 클릭 후, 원하는 장비를 선택하여 장착합니다.",gem_mon_repusbunny,,,,,,30805,레푸스버니의 젬,100,0.0,0.0,1111,11,0,1.0
643706,Gem_Fletcher_Singijeon,,,,,,"몬스터에게서 발견되는 보석입니다. 소켓에 장착하여 장비를 강화할 수 있습니다. 효과는 중복 적용 되지 않습니다. 마우스 오른쪽 클릭 후, 원하는 장비를 선택하여 장착합니다.",gem_mon_colifly_bow,,,,,,30806,검은 콜리플라이의 젬,100,0.0,0.0,1111,11,0,1.0
643707,Gem_Falconer_BuildRoost,,,,,,"몬스터에게서 발견되는 보석입니다. 소켓에 장착하여 장비를 강화할 수 있습니다. 효과는 중복 적용 되지 않습니다. 마우스 오른쪽 클릭 후, 원하는 장비를 선택하여 장착합니다.",,,,,,,31002,noname,100,0.0,0.0,1111,11,0,1.0
643708,Gem_Falconer_Circling,,,,"[{""Stat"": ""\uc11c\ud074\ub9c1 \uc2a4\ud0ac \ub808\ubca8 +1""}]",,"몬스터에게서 발견되는 보석입니다. 소켓에 장착하여 장비를 강화할 수 있습니다. 효과는 중복 적용 되지 않습니다. 마우스 오른쪽 클릭 후, 원하는 장비를 선택하여 장착합니다.",,,,,,,31003,noname,100,0.0,0.0,1111,11,0,1.0
643709,Gem_Falconer_Hovering,,,,"[{""Stat"": ""\ud638\ubc84\ub9c1 \uc2a4\ud0ac \ub808\ubca8 +1""}]",,"몬스터에게서 발견되는 보석입니다. 소켓에 장착하여 장비를 강화할 수 있습니다. 효과는 중복 적용 되지 않습니다. 마우스 오른쪽 클릭 후, 원하는 장비를 선택하여 장착합니다.",,,,,,,31004,noname,100,0.0,0.0,1111,11,0,1.0
643710,Gem_Falconer_Pheasant,,,,,,"몬스터에게서 발견되는 보석입니다. 소켓에 장착하여 장비를 강화할 수 있습니다. 효과는 중복 적용 되지 않습니다. 마우스 오른쪽 클릭 후, 원하는 장비를 선택하여 장착합니다.",gem_mon_moyabu,,,,,,31005,모야부의 젬,100,0.0,0.0,1111,11,0,1.0
643711,Gem_Falconer_HangingShot,,,,,,"몬스터에게서 발견되는 보석입니다. 소켓에 장착하여 장비를 강화할 수 있습니다. 효과는 중복 적용 되지 않습니다. 마우스 오른쪽 클릭 후, 원하는 장비를 선택하여 장착합니다.",gem_mon_saltisdaughter_bow,,,,,,31006,살티스도터 궁수의 젬,100,0.0,0.0,1111,11,0,1.0
643712,Gem_Cannoneer_CannonShot,,,,,,"몬스터에게서 발견되는 보석입니다. 소켓에 장착하여 장비를 강화할 수 있습니다. 효과는 중복 적용 되지 않습니다. 마우스 오른쪽 클릭 후, 원하는 장비를 선택하여 장착합니다.",,,,,,,31101,noname,100,0.0,0.0,1111,11,0,1.0
643713,Gem_Cannoneer_ShootDown,,,,,,"몬스터에게서 발견되는 보석입니다. 소켓에 장착하여 장비를 강화할 수 있습니다. 효과는 중복 적용 되지 않습니다. 마우스 오른쪽 클릭 후, 원하는 장비를 선택하여 장착합니다.",,,,,,,31102,noname,100,0.0,0.0,1111,11,0,1.0
643714,Gem_Cannoneer_SiegeBurst,,,,,,"몬스터에게서 발견되는 보석입니다. 소켓에 장착하여 장비를 강화할 수 있습니다. 효과는 중복 적용 되지 않습니다. 마우스 오른쪽 클릭 후, 원하는 장비를 선택하여 장착합니다.",,,,,,,31103,noname,100,0.0,0.0,1111,11,0,1.0
643715,Gem_Cannoneer_CannonBlast,,,,,,"몬스터에게서 발견되는 보석입니다. 소켓에 장착하여 장비를 강화할 수 있습니다. 효과는 중복 적용 되지 않습니다. 마우스 오른쪽 클릭 후, 원하는 장비를 선택하여 장착합니다.",,,,,,,31104,noname,100,0.0,0.0,1111,11,0,1.0
643716,Gem_Cleric_Heal,,,,,,"몬스터에게서 발견되는 보석입니다. 소켓에 장착하여 장비를 강화할 수 있습니다. 효과는 중복 적용 되지 않습니다. 마우스 오른쪽 클릭 후, 원하는 장비를 선택하여 장착합니다.",gem_mon_hanaming,,,,,,40001,하나밍의 젬,100,0.0,0.0,1111,11,0,1.0
643717,Gem_Cleric_Cure,,,,,,"몬스터에게서 발견되는 보석입니다. 소켓에 장착하여 장비를 강화할 수 있습니다. 효과는 중복 적용 되지 않습니다. 마우스 오른쪽 클릭 후, 원하는 장비를 선택하여 장착합니다.",gem_mon_goblin_spear,,,,,,40002,부베 약탈자의 젬,100,0.0,0.0,1111,11,0,1.0
643718,Gem_Cleric_SafetyZone,,,,"[{""Stat"": ""\uc138\uc774\ud504\ud2f0 \uc874 \uc2a4\ud0ac \ub808\ubca8 +1""}]",,"몬스터에게서 발견되는 보석입니다. 소켓에 장착하여 장비를 강화할 수 있습니다. 효과는 중복 적용 되지 않습니다. 마우스 오른쪽 클릭 후, 원하는 장비를 선택하여 장착합니다.",gem_mon_chupacabra_blue,,,,,,40003,삭제된 젬,100,0.0,0.0,1111,11,0,1.0
643719,Gem_Cleric_DeprotectedZone,,,,,,"몬스터에게서 발견되는 보석입니다. 소켓에 장착하여 장비를 강화할 수 있습니다. 효과는 중복 적용 되지 않습니다. 마우스 오른쪽 클릭 후, 원하는 장비를 선택하여 장착합니다.",gem_mon_infrorocktor,,,,,,40004,삭제된 젬,100,0.0,0.0,1111,11,0,1.0
643720,Gem_Cleric_DivineMight,,,,,,"몬스터에게서 발견되는 보석입니다. 소켓에 장착하여 장비를 강화할 수 있습니다. 효과는 중복 적용 되지 않습니다. 마우스 오른쪽 클릭 후, 원하는 장비를 선택하여 장착합니다.",gem_mon_corylus,,,,,,,삭제된 젬,100,0.0,0.0,1111,11,0,1.0
643721,Gem_Cleric_Fade,,,,"[{""Stat"": ""\ud398\uc774\ub4dc \uc2a4\ud0ac \ub808\ubca8 +1""}]",,"몬스터에게서 발견되는 보석입니다. 소켓에 장착하여 장비를 강화할 수 있습니다. 효과는 중복 적용 되지 않습니다. 마우스 오른쪽 클릭 후, 원하는 장비를 선택하여 장착합니다.",gem_mon_beeteros,,,,,,40006,비테로스의 젬,100,0.0,0.0,1111,11,0,1.0
643722,Gem_Cleric_PatronSaint,,,,"[{""Stat"": ""\uc218\ud638\uc131\uc778 \uc2a4\ud0ac \ub808\ubca8 +1""}]",,"몬스터에게서 발견되는 보석입니다. 소켓에 장착하여 장비를 강화할 수 있습니다. 효과는 중복 적용 되지 않습니다. 마우스 오른쪽 클릭 후, 원하는 장비를 선택하여 장착합니다.",gem_mon_infroholder_mage,,,,,,40007,인프로홀더 주술사의 젬,100,0.0,0.0,1111,11,0,1.0
643723,Gem_Priest_Aspersion,,,,"[{""Stat"": ""\uc544\uc2a4\ud37c\uc158 \uc2a4\ud0ac \ub808\ubca8 +1""}]",,"몬스터에게서 발견되는 보석입니다. 소켓에 장착하여 장비를 강화할 수 있습니다. 효과는 중복 적용 되지 않습니다. 마우스 오른쪽 클릭 후, 원하는 장비를 선택하여 장착합니다.",gem_mon_zombiegirl2,,,,,,40201,로델린의 젬,100,0.0,0.0,1111,11,0,1.0
643724,Gem_Priest_Monstrance,,,,,,"몬스터에게서 발견되는 보석입니다. 소켓에 장착하여 장비를 강화할 수 있습니다. 효과는 중복 적용 되지 않습니다. 마우스 오른쪽 클릭 후, 원하는 장비를 선택하여 장착합니다.",gem_mon_leafly,,,,,,40202,리플라이의 젬,100,0.0,0.0,1111,11,0,1.0
643725,Gem_Priest_Blessing,,,,,,"몬스터에게서 발견되는 보석입니다. 소켓에 장착하여 장비를 강화할 수 있습니다. 효과는 중복 적용 되지 않습니다. 마우스 오른쪽 클릭 후, 원하는 장비를 선택하여 장착합니다.",gem_mon_doyor,,,,,,40203,도요르의 젬,100,0.0,0.0,1111,11,0,1.0
643726,Gem_Priest_Sacrament,,,,,,"몬스터에게서 발견되는 보석입니다. 소켓에 장착하여 장비를 강화할 수 있습니다. 효과는 중복 적용 되지 않습니다. 마우스 오른쪽 클릭 후, 원하는 장비를 선택하여 장착합니다.",gem_mon_flower_blue,,,,,,40205,푸른 프라가라스의 젬,100,0.0,0.0,1111,11,0,1.0
643727,Gem_Priest_Revive,,,,,,"몬스터에게서 발견되는 보석입니다. 소켓에 장착하여 장비를 강화할 수 있습니다. 효과는 중복 적용 되지 않습니다. 마우스 오른쪽 클릭 후, 원하는 장비를 선택하여 장착합니다.",gem_mon_cronewt_bow,,,,,,40206,늙은 크로뉴트 독침술사의 젬,100,0.0,0.0,1111,11,0,1.0
643728,Gem_Priest_MassHeal,,,,,,"몬스터에게서 발견되는 보석입니다. 소켓에 장착하여 장비를 강화할 수 있습니다. 효과는 중복 적용 되지 않습니다. 마우스 오른쪽 클릭 후, 원하는 장비를 선택하여 장착합니다.",gem_mon_shredded,,,,,,40209,대지의 쉬레디드의 젬,100,0.0,0.0,1111,11,0,1.0
643729,Gem_Priest_Exorcise,,,,,,"몬스터에게서 발견되는 보석입니다. 소켓에 장착하여 장비를 강화할 수 있습니다. 효과는 중복 적용 되지 않습니다. 마우스 오른쪽 클릭 후, 원하는 장비를 선택하여 장착합니다.",gem_mon_hallowventor,,,,,,40207,삭제된 젬,100,0.0,0.0,1111,11,0,1.0
643730,Gem_Priest_StoneSkin,,,,"[{""Stat"": ""\uc2a4\ud1a4 \uc2a4\ud0a8 \uc2a4\ud0ac \ub808\ubca8 +1""}]",,"몬스터에게서 발견되는 보석입니다. 소켓에 장착하여 장비를 강화할 수 있습니다. 효과는 중복 적용 되지 않습니다. 마우스 오른쪽 클릭 후, 원하는 장비를 선택하여 장착합니다.",gem_mon_hogma_sorcerer,,,,,,,삭제된 젬,100,0.0,0.0,1111,11,0,1.0
643731,Gem_Kriwi_Aukuras,,,,,,"몬스터에게서 발견되는 보석입니다. 소켓에 장착하여 장비를 강화할 수 있습니다. 효과는 중복 적용 되지 않습니다. 마우스 오른쪽 클릭 후, 원하는 장비를 선택하여 장착합니다.",gem_mon_zignuts,,,,,,40101,지그너츠의 젬,100,0.0,0.0,1111,11,0,1.0
643732,Gem_Kriwi_Zalciai,,,,,,"몬스터에게서 발견되는 보석입니다. 소켓에 장착하여 장비를 강화할 수 있습니다. 효과는 중복 적용 되지 않습니다. 마우스 오른쪽 클릭 후, 원하는 장비를 선택하여 장착합니다.",gem_mon_grummer,,,,,,40102,그루머의 젬,100,0.0,0.0,1111,11,0,1.0
643733,Gem_Kriwi_Daino,,,,,,"몬스터에게서 발견되는 보석입니다. 소켓에 장착하여 장비를 강화할 수 있습니다. 효과는 중복 적용 되지 않습니다. 마우스 오른쪽 클릭 후, 원하는 장비를 선택하여 장착합니다.",gem_mon_tipio,,,,,,40103,티피오의 젬,100,0.0,0.0,1111,11,0,1.0
643734,Gem_Kriwi_Zaibas,,,,,,"몬스터에게서 발견되는 보석입니다. 소켓에 장착하여 장비를 강화할 수 있습니다. 효과는 중복 적용 되지 않습니다. 마우스 오른쪽 클릭 후, 원하는 장비를 선택하여 장착합니다.",gem_mon_panto_javelin_elite,,,,,,40104,대형 판토 투창병의 젬,100,0.0,0.0,1111,11,0,1.0
643735,Gem_Kriwi_DivineStigma,,,,"[{""Stat"": ""\ub514\ubc14\uc778 \uc2a4\ud2f0\uadf8\ub9c8 \uc2a4\ud0ac \ub808\ubca8 +1""}]",,"몬스터에게서 발견되는 보석입니다. 소켓에 장착하여 장비를 강화할 수 있습니다. 효과는 중복 적용 되지 않습니다. 마우스 오른쪽 클릭 후, 원하는 장비를 선택하여 장착합니다.",gem_mon_mentiwood,,,,,,40105,멘티우드의 젬,100,0.0,0.0,1111,11,0,1.0
643736,Gem_Kriwi_Melstis,,,,"[{""Stat"": ""\uba5c\uc2a4\ud2f0\uc2a4 \uc2a4\ud0ac \ub808\ubca8 +1""}]",,"몬스터에게서 발견되는 보석입니다. 소켓에 장착하여 장비를 강화할 수 있습니다. 효과는 중복 적용 되지 않습니다. 마우스 오른쪽 클릭 후, 원하는 장비를 선택하여 장착합니다.",gem_mon_spector_f_purple,,,,,,40106,대지의 스펙트라의 젬,100,0.0,0.0,1111,11,0,1.0
643737,Gem_Bokor_Hexing,,,,,,"몬스터에게서 발견되는 보석입니다. 소켓에 장착하여 장비를 강화할 수 있습니다. 효과는 중복 적용 되지 않습니다. 마우스 오른쪽 클릭 후, 원하는 장비를 선택하여 장착합니다.",gem_mon_rudas_loxodon,,,,,,21701,붉은 룩소돈의 젬,100,0.0,0.0,1111,11,0,1.0
643738,Gem_Bokor_Effigy,,,,,,"몬스터에게서 발견되는 보석입니다. 소켓에 장착하여 장비를 강화할 수 있습니다. 효과는 중복 적용 되지 않습니다. 마우스 오른쪽 클릭 후, 원하는 장비를 선택하여 장착합니다.",gem_mon_operor,,,,,,21702,오페러의 젬,100,0.0,0.0,1111,11,0,1.0
643739,Gem_Bokor_Zombify,,,,,,"몬스터에게서 발견되는 보석입니다. 소켓에 장착하여 장비를 강화할 수 있습니다. 효과는 중복 적용 되지 않습니다. 마우스 오른쪽 클릭 후, 원하는 장비를 선택하여 장착합니다.",gem_mon_pawnd,,,,,,21704,폰드의 젬,100,0.0,0.0,1111,11,0,1.0
643740,Gem_Bokor_Mackangdal,,,,,,"몬스터에게서 발견되는 보석입니다. 소켓에 장착하여 장비를 강화할 수 있습니다. 효과는 중복 적용 되지 않습니다. 마우스 오른쪽 클릭 후, 원하는 장비를 선택하여 장착합니다.",gem_mon_geppetto_white,[642059],,,,,21705,하얀 제페토의 젬,100,0.0,0.0,1111,11,0,1.0
643741,Gem_Bokor_BwaKayiman,,,,,,"몬스터에게서 발견되는 보석입니다. 소켓에 장착하여 장비를 강화할 수 있습니다. 효과는 중복 적용 되지 않습니다. 마우스 오른쪽 클릭 후, 원하는 장비를 선택하여 장착합니다.",gem_mon_haming_orange,,,,,,21706,주황 하밍의 젬,100,0.0,0.0,1111,11,0,1.0
643742,Gem_Bokor_Samdiveve,,,,,,"몬스터에게서 발견되는 보석입니다. 소켓에 장착하여 장비를 강화할 수 있습니다. 효과는 중복 적용 되지 않습니다. 마우스 오른쪽 클릭 후, 원하는 장비를 선택하여 장착합니다.",gem_mon_tombsinker,,,,,,21707,툼싱커의 젬,100,0.0,0.0,1111,11,0,1.0
643743,Gem_Bokor_Ogouveve,,,,,,"몬스터에게서 발견되는 보석입니다. 소켓에 장착하여 장비를 강화할 수 있습니다. 효과는 중복 적용 되지 않습니다. 마우스 오른쪽 클릭 후, 원하는 장비를 선택하여 장착합니다.",gem_mon_hohen_mage,,,,,,,삭제된 젬,100,0.0,0.0,1111,11,0,1.0
643744,Gem_Bokor_Damballa,,,,,,"몬스터에게서 발견되는 보석입니다. 소켓에 장착하여 장비를 강화할 수 있습니다. 효과는 중복 적용 되지 않습니다. 마우스 오른쪽 클릭 후, 원하는 장비를 선택하여 장착합니다.",gem_mon_siaumire,,,,,,21708,샤울렘 주술사의 젬,100,0.0,0.0,1111,11,0,1.0
643745,Gem_Druid_Chortasmata,,,,,,"몬스터에게서 발견되는 보석입니다. 소켓에 장착하여 장비를 강화할 수 있습니다. 효과는 중복 적용 되지 않습니다. 마우스 오른쪽 클릭 후, 원하는 장비를 선택하여 장착합니다.",gem_mon_glyquare,,,,,,40906,글리퀘어의 젬,100,0.0,0.0,1111,11,0,1.0
643746,Gem_Druid_Carnivory,,,,,,"몬스터에게서 발견되는 보석입니다. 소켓에 장착하여 장비를 강화할 수 있습니다. 효과는 중복 적용 되지 않습니다. 마우스 오른쪽 클릭 후, 원하는 장비를 선택하여 장착합니다.",gem_mon_hallowventor_mage,,,,,,40902,할로우벤터 메지션의 젬,100,0.0,0.0,1111,11,0,1.0
643747,Gem_Druid_StereaTrofh,,,,,,"몬스터에게서 발견되는 보석입니다. 소켓에 장착하여 장비를 강화할 수 있습니다. 효과는 중복 적용 되지 않습니다. 마우스 오른쪽 클릭 후, 원하는 장비를 선택하여 장착합니다.",,,,,,,40905,noname,100,0.0,0.0,1111,11,0,1.0
643748,Gem_Druid_Transform,,,,"[{""Stat"": ""\ud2b8\ub79c\uc2a4\ud3fc \uc2a4\ud0ac \ub808\ubca8 +1""}]",,"몬스터에게서 발견되는 보석입니다. 소켓에 장착하여 장비를 강화할 수 있습니다. 효과는 중복 적용 되지 않습니다. 마우스 오른쪽 클릭 후, 원하는 장비를 선택하여 장착합니다.",gem_mon_jukopus_gray,,,,,,40904,회색 유코푸스의 젬,100,0.0,0.0,1111,11,0,1.0
643749,Gem_Druid_ShapeShifting,,,,"[{""Stat"": ""\uc170\uc774\ud504 \uc2dc\ud504\ud305 \uc2a4\ud0ac \ub808\ubca8 +1""}]",,"몬스터에게서 발견되는 보석입니다. 소켓에 장착하여 장비를 강화할 수 있습니다. 효과는 중복 적용 되지 않습니다. 마우스 오른쪽 클릭 후, 원하는 장비를 선택하여 장착합니다.",,,,,,,40903,noname,100,0.0,0.0,1111,11,0,1.0
643750,Gem_Druid_Telepath,,,,,,"몬스터에게서 발견되는 보석입니다. 소켓에 장착하여 장비를 강화할 수 있습니다. 효과는 중복 적용 되지 않습니다. 마우스 오른쪽 클릭 후, 원하는 장비를 선택하여 장착합니다.",gem_mon_socket_mage,,,,,,40901,삭제된 젬,100,0.0,0.0,1111,11,0,1.0
643751,Gem_Sadhu_OutofBody,,,,"[{""Stat"": ""\uc720\uccb4\uc774\ud0c8 \uc2a4\ud0ac \ub808\ubca8 +1""}]",,"몬스터에게서 발견되는 보석입니다. 소켓에 장착하여 장비를 강화할 수 있습니다. 효과는 중복 적용 되지 않습니다. 마우스 오른쪽 클릭 후, 원하는 장비를 선택하여 장착합니다.",gem_mon_flask_mage,,,,,,40501,플라스크 메이지의 젬,100,0.0,0.0,1111,11,0,1.0
643752,Gem_Sadhu_AstralBodyExplosion,,,,,,"몬스터에게서 발견되는 보석입니다. 소켓에 장착하여 장비를 강화할 수 있습니다. 효과는 중복 적용 되지 않습니다. 마우스 오른쪽 클릭 후, 원하는 장비를 선택하여 장착합니다.",gem_mon_shtayim,,,,,,40504,쉬타임의 젬,100,0.0,0.0,1111,11,0,1.0
643753,Gem_Sadhu_VashitaSiddhi,,,,,,"몬스터에게서 발견되는 보석입니다. 소켓에 장착하여 장비를 강화할 수 있습니다. 효과는 중복 적용 되지 않습니다. 마우스 오른쪽 클릭 후, 원하는 장비를 선택하여 장착합니다.",gem_mon_cronewt_mage,,,,,,40503,크로뉴트 메이지의 젬,100,0.0,0.0,1111,11,0,1.0
643754,Gem_Sadhu_Possession,,,,,,"몬스터에게서 발견되는 보석입니다. 소켓에 장착하여 장비를 강화할 수 있습니다. 효과는 중복 적용 되지 않습니다. 마우스 오른쪽 클릭 후, 원하는 장비를 선택하여 장착합니다.",gem_mon_infro_blud,,,,,,40505,인프로 블러드의 젬,100,0.0,0.0,1111,11,0,1.0
643755,Gem_Dievdirbys_CarveVakarine,,,,"[{""Stat"": ""\ubc14\uce74\ub9ac\ub124 \uc5ec\uc2e0\uc0c1 \uc2a4\ud0ac \ub808\ubca8 +1""}]",,"몬스터에게서 발견되는 보석입니다. 소켓에 장착하여 장비를 강화할 수 있습니다. 효과는 중복 적용 되지 않습니다. 마우스 오른쪽 클릭 후, 원하는 장비를 선택하여 장착합니다.",gem_mon_chupaluka_pink,,,,,,40401,분홍 츄파루카의 젬,100,0.0,0.0,1111,11,0,1.0
643756,Gem_Dievdirbys_CarveZemina,,,,"[{""Stat"": ""\uc81c\ubbf8\ub098 \uc5ec\uc2e0\uc0c1 \uc2a4\ud0ac \ub808\ubca8 +1""}]",,"몬스터에게서 발견되는 보석입니다. 소켓에 장착하여 장비를 강화할 수 있습니다. 효과는 중복 적용 되지 않습니다. 마우스 오른쪽 클릭 후, 원하는 장비를 선택하여 장착합니다.",gem_mon_sauga_s,,,,,,40402,사우가의 젬,100,0.0,0.0,1111,11,0,1.0
643757,Gem_Dievdirbys_CarveLaima,,,,"[{""Stat"": ""\ub77c\uc774\ub9c8 \uc5ec\uc2e0\uc0c1 \uc2a4\ud0ac \ub808\ubca8 +1""}]",,"몬스터에게서 발견되는 보석입니다. 소켓에 장착하여 장비를 강화할 수 있습니다. 효과는 중복 적용 되지 않습니다. 마우스 오른쪽 클릭 후, 원하는 장비를 선택하여 장착합니다.",gem_mon_maggot,,,,,,40403,카타콤 마고트의 젬,100,0.0,0.0,1111,11,0,1.0
643758,Gem_Dievdirbys_Carve,,,,,,"몬스터에게서 발견되는 보석입니다. 소켓에 장착하여 장비를 강화할 수 있습니다. 효과는 중복 적용 되지 않습니다. 마우스 오른쪽 클릭 후, 원하는 장비를 선택하여 장착합니다.",gem_mon_tontus,,,,,,40404,톤투스의 젬,100,0.0,0.0,1111,11,0,1.0
643759,Gem_Dievdirbys_CarveOwl,,,,,,"몬스터에게서 발견되는 보석입니다. 소켓에 장착하여 장비를 강화할 수 있습니다. 효과는 중복 적용 되지 않습니다. 마우스 오른쪽 클릭 후, 원하는 장비를 선택하여 장착합니다.",gem_mon_karas_mage,,,,,,40405,카라스 마법사의 젬,100,0.0,0.0,1111,11,0,1.0
643760,Gem_Dievdirbys_CarveAustrasKoks,,,,,,"몬스터에게서 발견되는 보석입니다. 소켓에 장착하여 장비를 강화할 수 있습니다. 효과는 중복 적용 되지 않습니다. 마우스 오른쪽 클릭 후, 원하는 장비를 선택하여 장착합니다.",gem_mon_echad_bow,,,,,,40406,에하드 마법사의 젬,100,0.0,0.0,1111,11,0,1.0
643761,Gem_Dievdirbys_CarveAusirine,,,,,,"몬스터에게서 발견되는 보석입니다. 소켓에 장착하여 장비를 강화할 수 있습니다. 효과는 중복 적용 되지 않습니다. 마우스 오른쪽 클릭 후, 원하는 장비를 선택하여 장착합니다.",gem_mon_nightmaiden_mage,,,,,,40407,밤의 시녀의 젬,100,0.0,0.0,1111,11,0,1.0
643762,Gem_Oracle_ArcaneEnergy,,,,,,"몬스터에게서 발견되는 보석입니다. 소켓에 장착하여 장비를 강화할 수 있습니다. 효과는 중복 적용 되지 않습니다. 마우스 오른쪽 클릭 후, 원하는 장비를 선택하여 장착합니다.",gem_mon_hallowventor_bow,,,,,,41002,할로우벤터 저주술사의 젬,100,0.0,0.0,1111,11,0,1.0
643763,Gem_Oracle_Change,,,,,,"몬스터에게서 발견되는 보석입니다. 소켓에 장착하여 장비를 강화할 수 있습니다. 효과는 중복 적용 되지 않습니다. 마우스 오른쪽 클릭 후, 원하는 장비를 선택하여 장착합니다.",,,,,,,41003,noname,100,0.0,0.0,1111,11,0,1.0
643764,Gem_Oracle_CounterSpell,,,,"[{""Stat"": ""\uce74\uc6b4\ud130 \uc2a4\ud3a0 \uc2a4\ud0ac \ub808\ubca8 +1""}]",,"몬스터에게서 발견되는 보석입니다. 소켓에 장착하여 장비를 강화할 수 있습니다. 효과는 중복 적용 되지 않습니다. 마우스 오른쪽 클릭 후, 원하는 장비를 선택하여 장착합니다.",gem_mon_pyran,,,,,,41005,오염된 파이란의 젬,100,0.0,0.0,1111,11,0,1.0
643765,Gem_Oracle_Forecast,,,,,,"몬스터에게서 발견되는 보석입니다. 소켓에 장착하여 장비를 강화할 수 있습니다. 효과는 중복 적용 되지 않습니다. 마우스 오른쪽 클릭 후, 원하는 장비를 선택하여 장착합니다.",,,,,,,41006,noname,100,0.0,0.0,1111,11,0,1.0
643766,Gem_Oracle_Prophecy,,,,"[{""Stat"": ""\ud504\ub85c\ud37c\uc2dc \uc2a4\ud0ac \ub808\ubca8 +1""}]",,"몬스터에게서 발견되는 보석입니다. 소켓에 장착하여 장비를 강화할 수 있습니다. 효과는 중복 적용 되지 않습니다. 마우스 오른쪽 클릭 후, 원하는 장비를 선택하여 장착합니다.",,,,,,,41009,noname,100,0.0,0.0,1111,11,0,1.0
643767,Gem_Monk_IronSkin,,,,"[{""Stat"": ""\ucca0\ud3ec\uc0bc \uc2a4\ud0ac \ub808\ubca8 +1""}]",,"몬스터에게서 발견되는 보석입니다. 소켓에 장착하여 장비를 강화할 수 있습니다. 효과는 중복 적용 되지 않습니다. 마우스 오른쪽 클릭 후, 원하는 장비를 선택하여 장착합니다.",gem_mon_mushroom_boy_green,,,,,,40701,초록 그리바의 젬,100,0.0,0.0,1111,11,0,1.0
643768,Gem_Monk_DoublePunch,,,,,,"몬스터에게서 발견되는 보석입니다. 소켓에 장착하여 장비를 강화할 수 있습니다. 효과는 중복 적용 되지 않습니다. 마우스 오른쪽 클릭 후, 원하는 장비를 선택하여 장착합니다.",gem_mon_velwriggler,,,,,,40702,푸른 벨리글러의 젬,100,0.0,0.0,1111,11,0,1.0
643769,Gem_Monk_PalmStrike,,,,,,"몬스터에게서 발견되는 보석입니다. 소켓에 장착하여 장비를 강화할 수 있습니다. 효과는 중복 적용 되지 않습니다. 마우스 오른쪽 클릭 후, 원하는 장비를 선택하여 장착합니다.",gem_mon_siaulago,,,,,,40703,샤울렘 전사의 젬,100,0.0,0.0,1111,11,0,1.0
643770,Gem_Monk_HandKnife,,,,,,"몬스터에게서 발견되는 보석입니다. 소켓에 장착하여 장비를 강화할 수 있습니다. 효과는 중복 적용 되지 않습니다. 마우스 오른쪽 클릭 후, 원하는 장비를 선택하여 장착합니다.",gem_mon_lantern_mushroom,,,,,,40704,주황 그리바루의 젬,100,0.0,0.0,1111,11,0,1.0
643771,Gem_Monk_EnergyBlast,,,,,,"몬스터에게서 발견되는 보석입니다. 소켓에 장착하여 장비를 강화할 수 있습니다. 효과는 중복 적용 되지 않습니다. 마우스 오른쪽 클릭 후, 원하는 장비를 선택하여 장착합니다.",gem_mon_goblin2_sword,,,,,,40706,고블린 전사의 젬,100,0.0,0.0,1111,11,0,1.0
643772,Gem_Monk_1InchPunch,,,,,,"몬스터에게서 발견되는 보석입니다. 소켓에 장착하여 장비를 강화할 수 있습니다. 효과는 중복 적용 되지 않습니다. 마우스 오른쪽 클릭 후, 원하는 장비를 선택하여 장착합니다.",,,,,,,40705,noname,100,0.0,0.0,1111,11,0,1.0
643773,Gem_Monk_God_Finger_Flicking,,,,,,"몬스터에게서 발견되는 보석입니다. 소켓에 장착하여 장비를 강화할 수 있습니다. 효과는 중복 적용 되지 않습니다. 마우스 오른쪽 클릭 후, 원하는 장비를 선택하여 장착합니다.",,,,,,,40707,noname,100,0.0,0.0,1111,11,0,1.0
643774,Gem_Monk_Golden_Bell_Shield,,,,"[{""Stat"": ""\uae08\uc885\uc870 \uc2a4\ud0ac \ub808\ubca8 +1""}]",,"몬스터에게서 발견되는 보석입니다. 소켓에 장착하여 장비를 강화할 수 있습니다. 효과는 중복 적용 되지 않습니다. 마우스 오른쪽 클릭 후, 원하는 장비를 선택하여 장착합니다.",gem_mon_hepatica_purple,,,,,,40708,검은 우산이끼의 젬,100,0.0,0.0,1111,11,0,1.0
643775,Gem_Pardoner_Simony,,,,,,"몬스터에게서 발견되는 보석입니다. 소켓에 장착하여 장비를 강화할 수 있습니다. 효과는 중복 적용 되지 않습니다. 마우스 오른쪽 클릭 후, 원하는 장비를 선택하여 장착합니다.",gem_mon_rabbee,,,,,,40801,레비의 젬,100,0.0,0.0,1111,11,0,1.0
643776,Gem_Pardoner_Indulgentia,,,,"[{""Stat"": ""\uc778\ub458\uac90\ud2f0\uc544 \uc2a4\ud0ac \ub808\ubca8 +1""}]",,"몬스터에게서 발견되는 보석입니다. 소켓에 장착하여 장비를 강화할 수 있습니다. 효과는 중복 적용 되지 않습니다. 마우스 오른쪽 클릭 후, 원하는 장비를 선택하여 장착합니다.",gem_mon_elma,,,,,,40802,엘마의 젬,100,0.0,0.0,1111,11,0,1.0
643777,Gem_Pardoner_DiscernEvil,,,,,,"몬스터에게서 발견되는 보석입니다. 소켓에 장착하여 장비를 강화할 수 있습니다. 효과는 중복 적용 되지 않습니다. 마우스 오른쪽 클릭 후, 원하는 장비를 선택하여 장착합니다.",gem_mon_honeybean,,,,,,40803,허니빈의 젬,100,0.0,0.0,1111,11,0,1.0
643778,Gem_Pardoner_IncreaseMagicDEF,,,,"[{""Stat"": ""\ub9c8\ubc95\ubc29\uc5b4\ub825 \uc99d\uac00 \uc2a4\ud0ac \ub808\ubca8 +1""}]",,"몬스터에게서 발견되는 보석입니다. 소켓에 장착하여 장비를 강화할 수 있습니다. 효과는 중복 적용 되지 않습니다. 마우스 오른쪽 클릭 후, 원하는 장비를 선택하여 장착합니다.",gem_mon_wendigo_magician,,,,,,40808,웬디고 주술사의 젬,100,0.0,0.0,1111,11,0,1.0
643779,Gem_Pardoner_Oblation,,,,,,"몬스터에게서 발견되는 보석입니다. 소켓에 장착하여 장비를 강화할 수 있습니다. 효과는 중복 적용 되지 않습니다. 마우스 오른쪽 클릭 후, 원하는 장비를 선택하여 장착합니다.",,,,,,,40804,noname,100,0.0,0.0,1111,11,0,1.0
643780,Gem_Paladin_Smite,,,,,,"몬스터에게서 발견되는 보석입니다. 소켓에 장착하여 장비를 강화할 수 있습니다. 효과는 중복 적용 되지 않습니다. 마우스 오른쪽 클릭 후, 원하는 장비를 선택하여 장착합니다.",gem_mon_tontulia,,,,,,,삭제된 젬,100,0.0,0.0,1111,11,0,1.0
643781,Gem_Paladin_Restoration,,,,"[{""Stat"": ""\ub9ac\uc2a4\ud1a0\ub808\uc774\uc158 \uc2a4\ud0ac \ub808\ubca8 +1""}]",,"몬스터에게서 발견되는 보석입니다. 소켓에 장착하여 장비를 강화할 수 있습니다. 효과는 중복 적용 되지 않습니다. 마우스 오른쪽 클릭 후, 원하는 장비를 선택하여 장착합니다.",gem_mon_zignuts,,,,,,40602,아슈롱의 젬,100,0.0,0.0,1111,11,0,1.0
643782,Gem_Paladin_ResistElements,,,,"[{""Stat"": ""\ub808\uc9c0\uc2a4\ud2b8 \uc5d8\ub9ac\uba58\uce20 \uc2a4\ud0ac \ub808\ubca8 +1""}]",,"몬스터에게서 발견되는 보석입니다. 소켓에 장착하여 장비를 강화할 수 있습니다. 효과는 중복 적용 되지 않습니다. 마우스 오른쪽 클릭 후, 원하는 장비를 선택하여 장착합니다.",gem_mon_lizardman,,,,,,40603,리자드맨의 젬,100,0.0,0.0,1111,11,0,1.0
643783,Gem_Paladin_TurnUndead,,,,,,"몬스터에게서 발견되는 보석입니다. 소켓에 장착하여 장비를 강화할 수 있습니다. 효과는 중복 적용 되지 않습니다. 마우스 오른쪽 클릭 후, 원하는 장비를 선택하여 장착합니다.",gem_mon_tower_of_fire_puppet,,,,,,,삭제된 젬,100,0.0,0.0,1111,11,0,1.0
643784,Gem_Paladin_Conversion,,,,,,"몬스터에게서 발견되는 보석입니다. 소켓에 장착하여 장비를 강화할 수 있습니다. 효과는 중복 적용 되지 않습니다. 마우스 오른쪽 클릭 후, 원하는 장비를 선택하여 장착합니다.",gem_mon_long-arm,,,,,,40605,수감된 긴팔 나무의 젬,100,0.0,0.0,1111,11,0,1.0
643785,Gem_Paladin_Barrier,,,,"[{""Stat"": ""\ubc30\ub9ac\uc5b4 \uc2a4\ud0ac \ub808\ubca8 +1""}]",,"몬스터에게서 발견되는 보석입니다. 소켓에 장착하여 장비를 강화할 수 있습니다. 효과는 중복 적용 되지 않습니다. 마우스 오른쪽 클릭 후, 원하는 장비를 선택하여 장착합니다.",,,,,,,40606,noname,100,0.0,0.0,1111,11,0,1.0
643786,Gem_Paladin_Conviction,,,,,,"몬스터에게서 발견되는 보석입니다. 소켓에 장착하여 장비를 강화할 수 있습니다. 효과는 중복 적용 되지 않습니다. 마우스 오른쪽 클릭 후, 원하는 장비를 선택하여 장착합니다.",,,,,,,40607,noname,100,0.0,0.0,1111,11,0,1.0
643816,gem_candy_1,,,,,,"몬스터에게서 발견되는 보석입니다. 소켓에 장착하여 장비를 강화할 수 있습니다. 효과는 중복 적용 되지 않습니다. 마우스 오른쪽 클릭 후, 원하는 장비를 선택하여 장착합니다.",,,,,,,,신규 젬15,100,0.0,0.0,1111,11,1,1.0
643817,gem_White_1,,,,"[{""Stat"": 67, ""Value"": 4}, {""Stat"": 2, ""Value"": -1}, {""Stat"": 67, ""Value"": 6}, {""Stat"": 2, ""Value"": -2}, {""Stat"": 67, ""Value"": 10}, {""Stat"": 2, ""Value"": -3}, {""Stat"": 67, ""Value"": 14}, {""Stat"": 2, ""Value"": -4}, {""Stat"": 67, ""Value"": 19}, {""Stat"": 2, ""Value"": -5}, {""Stat"": 67, ""Value"": 24}, {""Stat"": 2, ""Value"": -6}, {""Stat"": 67, ""Value"": 30}, {""Stat"": 2, ""Value"": -7}, {""Stat"": 67, ""Value"": 36}, {""Stat"": 2, ""Value"": -8}, {""Stat"": 67, ""Value"": 43}, {""Stat"": 2, ""Value"": -9}, {""Stat"": 67, ""Value"": 50}, {""Stat"": 2, ""Value"": -10}]",,"던전에서 발견되는 보석입니다. 소켓에 장착하여 장비를 강화할 수 있으며, 마력을 충전하면 더 큰 힘을 발휘합니다. 마우스 오른쪽 클릭 후, 원하는 장비를 선택하여 장착합니다.",item_icon_twentyside150,,,,,,,화이트 젬,100,0.0,0.0,1111,11,1,1.0
643818,Gem_Peltasta_Langort,,,,,,"몬스터에게서 발견되는 보석입니다. 소켓에 장착하여 장비를 강화할 수 있습니다. 효과는 중복 적용 되지 않습니다. 마우스 오른쪽 클릭 후, 원하는 장비를 선택하여 장착합니다.",gem_mon_corpse_flower_green,,,,,,10109,삭제된 젬,100,0.0,0.0,1111,11,0,1.0
643819,Gem_Squire_DeadlyCombo,,,,,,"몬스터에게서 발견되는 보석입니다. 소켓에 장착하여 장비를 강화할 수 있습니다. 효과는 중복 적용 되지 않습니다. 마우스 오른쪽 클릭 후, 원하는 장비를 선택하여 장착합니다.",gem_mon_spion_blue,,,,,,50305,푸른 스피온의 젬,100,0.0,0.0,1111,11,0,1.0
643820,Gem_Corsair_PistolShot,,,,,,"몬스터에게서 발견되는 보석입니다. 소켓에 장착하여 장비를 강화할 수 있습니다. 효과는 중복 적용 되지 않습니다. 마우스 오른쪽 클릭 후, 원하는 장비를 선택하여 장착합니다.",gem_mon_hohen_mage_red,,,,,,50407,붉은 호헨 메이지의 젬,100,0.0,0.0,1111,11,0,1.0
643821,Gem_Doppelsoeldner_Zornhau,,,,,,"몬스터에게서 발견되는 보석입니다. 소켓에 장착하여 장비를 강화할 수 있습니다. 효과는 중복 적용 되지 않습니다. 마우스 오른쪽 클릭 후, 원하는 장비를 선택하여 장착합니다.",gem_mon_harugal_brown,,,,,,11006,갈색 하루갈의 젬,100,0.0,0.0,1111,11,0,1.0
643822,Gem_Doppelsoeldner_Redel,,,,"[{""Stat"": ""\ub808\ub378 \uc2a4\ud0ac \ub808\ubca8 +1""}]",,"몬스터에게서 발견되는 보석입니다. 소켓에 장착하여 장비를 강화할 수 있습니다. 효과는 중복 적용 되지 않습니다. 마우스 오른쪽 클릭 후, 원하는 장비를 선택하여 장착합니다.",gem_mon_colimen_brown,,,,,,11007,갈색 콜리멘의 젬,100,0.0,0.0,1111,11,0,1.0
643823,Gem_Doppelsoeldner_Zucken,,,,,,"몬스터에게서 발견되는 보석입니다. 소켓에 장착하여 장비를 강화할 수 있습니다. 효과는 중복 적용 되지 않습니다. 마우스 오른쪽 클릭 후, 원하는 장비를 선택하여 장착합니다.",gem_mon_fisherman_blue,,,,,,11008,푸른 피셔맨의 젬,100,0.0,0.0,1111,11,0,1.0
643824,Gem_Doppelsoeldner_Zwerchhau,,,,,,"몬스터에게서 발견되는 보석입니다. 소켓에 장착하여 장비를 강화할 수 있습니다. 효과는 중복 적용 되지 않습니다. 마우스 오른쪽 클릭 후, 원하는 장비를 선택하여 장착합니다.",gem_mon_dumaro_yellow,,,,,,11009,노란 듀마로의 젬,100,0.0,0.0,1111,11,0,1.0
643825,Gem_Doppelsoeldner_Sturzhau,,,,"[{""Stat"": ""\uc288\ud2b8\ub8e8\uce20\ud558\uc6b0 \uc2a4\ud0ac \ub808\ubca8 +1""}]",,"몬스터에게서 발견되는 보석입니다. 소켓에 장착하여 장비를 강화할 수 있습니다. 효과는 중복 적용 되지 않습니다. 마우스 오른쪽 클릭 후, 원하는 장비를 선택하여 장착합니다.",gem_mon_gravegolem_blue,,,,,,11010,푸른 묘지골렘의 젬,100,0.0,0.0,1111,11,0,1.0
643827,Gem_Dragoon_Dragontooth,,,,,,"몬스터에게서 발견되는 보석입니다. 소켓에 장착하여 장비를 강화할 수 있습니다. 효과는 중복 적용 되지 않습니다. 마우스 오른쪽 클릭 후, 원하는 장비를 선택하여 장착합니다.",gem_mon_ticen_bow_blue,,,,,,11401,푸른 티켄 석궁병의 젬,100,0.0,0.0,1111,11,0,1.0
643828,Gem_Dragoon_Serpentine,,,,"[{""Stat"": ""\uc11c\ud39c\ud2f4 \uc2a4\ud0ac \ub808\ubca8 +1""}]",,"몬스터에게서 발견되는 보석입니다. 소켓에 장착하여 장비를 강화할 수 있습니다. 효과는 중복 적용 되지 않습니다. 마우스 오른쪽 클릭 후, 원하는 장비를 선택하여 장착합니다.",gem_mon_chafperor_purple,,,,,,11402,붉은 체이퍼러의 젬,100,0.0,0.0,1111,11,0,1.0
643829,Gem_Dragoon_Gae_Bulg,,,,,,"몬스터에게서 발견되는 보석입니다. 소켓에 장착하여 장비를 강화할 수 있습니다. 효과는 중복 적용 되지 않습니다. 마우스 오른쪽 클릭 후, 원하는 장비를 선택하여 장착합니다.",gem_mon_rambear_mage_brown,,,,,,11403,갈색 램베어 마법사의 젬,100,0.0,0.0,1111,11,0,1.0
643830,Gem_Dragoon_Dragon_Soar,,,,,,"몬스터에게서 발견되는 보석입니다. 소켓에 장착하여 장비를 강화할 수 있습니다. 효과는 중복 적용 되지 않습니다. 마우스 오른쪽 클릭 후, 원하는 장비를 선택하여 장착합니다.",gem_mon_wendigo_archer_gray,,,,,,11404,하얀 웬디고 수색꾼의 젬,100,0.0,0.0,1111,11,0,1.0
643831,Gem_Templer_BattleOrders,,,,"[{""Stat"": ""\ubc30\ud2c0 \uc624\ub354\uc2a4 \uc2a4\ud0ac \ub808\ubca8 +1""}]",,"몬스터에게서 발견되는 보석입니다. 소켓에 장착하여 장비를 강화할 수 있습니다. 효과는 중복 적용 되지 않습니다. 마우스 오른쪽 클릭 후, 원하는 장비를 선택하여 장착합니다.",gem_mon_hohen_gulak_blue,,,,,,11505,푸른 호헨 굴락의 젬,100,0.0,0.0,1111,11,0,1.0
643832,Gem_Templer_NonInvasiveArea,,,,,,"몬스터에게서 발견되는 보석입니다. 소켓에 장착하여 장비를 강화할 수 있습니다. 효과는 중복 적용 되지 않습니다. 마우스 오른쪽 클릭 후, 원하는 장비를 선택하여 장착합니다.",gem_mon_cronewt_bow_blue,,,,,,11510,푸른 크로뉴트 독침술사의 젬,100,0.0,0.0,1111,11,0,1.0
643833,Gem_Cryomancer_SubzeroShield,,,,,,"몬스터에게서 발견되는 보석입니다. 소켓에 장착하여 장비를 강화할 수 있습니다. 효과는 중복 적용 되지 않습니다. 마우스 오른쪽 클릭 후, 원하는 장비를 선택하여 장착합니다.",gem_mon_kucarry_numani,,,,,,20205,쿠게리 누마니의 젬,100,0.0,0.0,1111,11,0,1.0
643834,Gem_Sorcerer_Evocation,,,,"[{""Stat"": ""\uc774\ubcf4\ucf00\uc774\uc158 \uc2a4\ud0ac \ub808\ubca8 +1""}]",,"몬스터에게서 발견되는 보석입니다. 소켓에 장착하여 장비를 강화할 수 있습니다. 효과는 중복 적용 되지 않습니다. 마우스 오른쪽 클릭 후, 원하는 장비를 선택하여 장착합니다.",gem_mon_grummer_orange,,,,,,20709,주황 그루머의 젬,100,0.0,0.0,1111,11,0,1.0
643835,Gem_Sorcerer_Desmodus,,,,,,"몬스터에게서 발견되는 보석입니다. 소켓에 장착하여 장비를 강화할 수 있습니다. 효과는 중복 적용 되지 않습니다. 마우스 오른쪽 클릭 후, 원하는 장비를 선택하여 장착합니다.",gem_mon_kucarry_lioni,,,,,,20710,쿠게리 리오니의 젬,100,0.0,0.0,1111,11,0,1.0
643837,Gem_Alchemist_Combustion,,,,"[{""Stat"": ""\ucef4\ubc84\uc2a4\ucc9c \uc2a4\ud0ac \ub808\ubca8 +1""}]",,"몬스터에게서 발견되는 보석입니다. 소켓에 장착하여 장비를 강화할 수 있습니다. 효과는 중복 적용 되지 않습니다. 마우스 오른쪽 클릭 후, 원하는 장비를 선택하여 장착합니다.",gem_mon_flamel,,,,,,21001,플라멜의 젬,100,0.0,0.0,1111,11,0,1.0
643838,Gem_Warlock_PoleofAgony,,,,,,"몬스터에게서 발견되는 보석입니다. 소켓에 장착하여 장비를 강화할 수 있습니다. 효과는 중복 적용 되지 않습니다. 마우스 오른쪽 클릭 후, 원하는 장비를 선택하여 장착합니다.",gem_mon_lampal,,,,,,21201,램팔의 젬,100,0.0,0.0,1111,11,0,1.0
643839,Gem_Warlock_Invocation,,,,,,"몬스터에게서 발견되는 보석입니다. 소켓에 장착하여 장비를 강화할 수 있습니다. 효과는 중복 적용 되지 않습니다. 마우스 오른쪽 클릭 후, 원하는 장비를 선택하여 장착합니다.",gem_mon_marte_book,,,,,,21202,마르테북의 젬,100,0.0,0.0,1111,11,0,1.0
643840,Gem_Warlock_DarkTheurge,,,,"[{""Stat"": ""\ub2e4\ud06c \uc368\uc9c0 \uc2a4\ud0ac \ub808\ubca8 +1""}]",,"몬스터에게서 발견되는 보석입니다. 소켓에 장착하여 장비를 강화할 수 있습니다. 효과는 중복 적용 되지 않습니다. 마우스 오른쪽 클릭 후, 원하는 장비를 선택하여 장착합니다.",gem_mon_levada,,,,,,21203,레바다의 젬,100,0.0,0.0,1111,11,0,1.0
643841,Gem_Warlock_Mastema,,,,,,"몬스터에게서 발견되는 보석입니다. 소켓에 장착하여 장비를 강화할 수 있습니다. 효과는 중복 적용 되지 않습니다. 마우스 오른쪽 클릭 후, 원하는 장비를 선택하여 장착합니다.",gem_mon_bookmark_mimic,,,,,,21204,북마크 미믹의 젬,100,0.0,0.0,1111,11,0,1.0
643842,Gem_QuarrelShooter_StonePicking,,,,,,"몬스터에게서 발견되는 보석입니다. 소켓에 장착하여 장비를 강화할 수 있습니다. 효과는 중복 적용 되지 않습니다. 마우스 오른쪽 클릭 후, 원하는 장비를 선택하여 장착합니다.",gem_mon_yak_warrior,,,,,,30203,삭제된 젬,100,0.0,0.0,1111,11,0,1.0
643845,Gem_Schwarzereiter_WildShot,,,,,,"몬스터에게서 발견되는 보석입니다. 소켓에 장착하여 장비를 강화할 수 있습니다. 효과는 중복 적용 되지 않습니다. 마우스 오른쪽 클릭 후, 원하는 장비를 선택하여 장착합니다.",gem_mon_atti,,,,,,,삭제된 젬,100,0.0,0.0,1111,11,0,1.0
643846,Gem_Falconer_BlisteringThrash,,,,"[{""Stat"": ""\uc74c\uc18d\ud0c0 \uc2a4\ud0ac \ub808\ubca8 +1""}]",,"몬스터에게서 발견되는 보석입니다. 소켓에 장착하여 장비를 강화할 수 있습니다. 효과는 중복 적용 되지 않습니다. 마우스 오른쪽 클릭 후, 원하는 장비를 선택하여 장착합니다.",gem_mon_varleanchor,,,,,,31008,바를앵커의 젬,100,0.0,0.0,1111,11,0,1.0
643847,Gem_Musketeer_CoveringFire,,,,,,"몬스터에게서 발견되는 보석입니다. 소켓에 장착하여 장비를 강화할 수 있습니다. 효과는 중복 적용 되지 않습니다. 마우스 오른쪽 클릭 후, 원하는 장비를 선택하여 장착합니다.",gem_mon_floron,,,,,,31201,플로론의 젬,100,0.0,0.0,1111,11,0,1.0
643848,Gem_Musketeer_HeadShot,,,,,,"몬스터에게서 발견되는 보석입니다. 소켓에 장착하여 장비를 강화할 수 있습니다. 효과는 중복 적용 되지 않습니다. 마우스 오른쪽 클릭 후, 원하는 장비를 선택하여 장착합니다.",gem_mon_bloom,,,,,,31202,블롬의 젬,100,0.0,0.0,1111,11,0,1.0
643849,Gem_Musketeer_Snipe,,,,"[{""Stat"": ""\uc2a4\ub098\uc774\ud504 \uc2a4\ud0ac \ub808\ubca8 +1""}]",,"몬스터에게서 발견되는 보석입니다. 소켓에 장착하여 장비를 강화할 수 있습니다. 효과는 중복 적용 되지 않습니다. 마우스 오른쪽 클릭 후, 원하는 장비를 선택하여 장착합니다.",gem_mon_leafnut_yellow,,,,,,31203,노란 리프넛의 젬,100,0.0,0.0,1111,11,0,1.0
643850,Gem_Musketeer_PenetrationShot,,,,,,"몬스터에게서 발견되는 보석입니다. 소켓에 장착하여 장비를 강화할 수 있습니다. 효과는 중복 적용 되지 않습니다. 마우스 오른쪽 클릭 후, 원하는 장비를 선택하여 장착합니다.",gem_mon_rodeyokel,,,,,,31204,로데요켈의 젬,100,0.0,0.0,1111,11,0,1.0
643851,Gem_Musketeer_GroovingMuzzle,,,,,,"몬스터에게서 발견되는 보석입니다. 소켓에 장착하여 장비를 강화할 수 있습니다. 효과는 중복 적용 되지 않습니다. 마우스 오른쪽 클릭 후, 원하는 장비를 선택하여 장착합니다.",gem_mon_pagclamper_yellow,,,,,,31211,노란 페이그 클램퍼의 젬,100,0.0,0.0,1111,11,0,1.0
643854,Gem_Paladin_Sanctuary,,,,,,"몬스터에게서 발견되는 보석입니다. 소켓에 장착하여 장비를 강화할 수 있습니다. 효과는 중복 적용 되지 않습니다. 마우스 오른쪽 클릭 후, 원하는 장비를 선택하여 장착합니다.",gem_mon_rubblem_green,,,,,,40608,초록 러블렘의 젬,100,0.0,0.0,1111,11,0,1.0
643855,Gem_Paladin_Demolition,,,,"[{""Stat"": ""\ub370\ubab0\ub9ac\uc158 \uc2a4\ud0ac \ub808\ubca8 +1""}]",,"몬스터에게서 발견되는 보석입니다. 소켓에 장착하여 장비를 강화할 수 있습니다. 효과는 중복 적용 되지 않습니다. 마우스 오른쪽 클릭 후, 원하는 장비를 선택하여 장착합니다.",gem_mon_flamag_green,,,,,,40609,초록 플라마그의 젬,100,0.0,0.0,1111,11,0,1.0
643856,Gem_Pardoner_Dekatos,,,,,,"몬스터에게서 발견되는 보석입니다. 소켓에 장착하여 장비를 강화할 수 있습니다. 효과는 중복 적용 되지 않습니다. 마우스 오른쪽 클릭 후, 원하는 장비를 선택하여 장착합니다.",gem_mon_nacorngbug,,,,,,40809,나콩버그의 젬,100,0.0,0.0,1111,11,0,1.0
643857,Gem_PlagueDoctor_HealingFactor,,,,,,"몬스터에게서 발견되는 보석입니다. 소켓에 장착하여 장비를 강화할 수 있습니다. 효과는 중복 적용 되지 않습니다. 마우스 오른쪽 클릭 후, 원하는 장비를 선택하여 장착합니다.",gem_mon_rodetad,,,,,,41101,로데타드의 젬,100,0.0,0.0,1111,11,0,1.0
643858,Gem_PlagueDoctor_Incineration,,,,"[{""Stat"": ""\uc18c\uac01 \uc2a4\ud0ac \ub808\ubca8 +1""}]",,"몬스터에게서 발견되는 보석입니다. 소켓에 장착하여 장비를 강화할 수 있습니다. 효과는 중복 적용 되지 않습니다. 마우스 오른쪽 클릭 후, 원하는 장비를 선택하여 장착합니다.",gem_mon_slime_red,,,,,,41102,붉은 슬라임의 젬,100,0.0,0.0,1111,11,0,1.0
643860,Gem_PlagueDoctor_Fumigate,,,,,,"몬스터에게서 발견되는 보석입니다. 소켓에 장착하여 장비를 강화할 수 있습니다. 효과는 중복 적용 되지 않습니다. 마우스 오른쪽 클릭 후, 원하는 장비를 선택하여 장착합니다.",gem_mon_varlehench,,,,,,41104,바를헨치의 젬,100,0.0,0.0,1111,11,0,1.0
643861,Gem_PlagueDoctor_Pandemic,,,,"[{""Stat"": ""\ud310\ub370\ubbf9 \uc2a4\ud0ac \ub808\ubca8 +1""}]",,"몬스터에게서 발견되는 보석입니다. 소켓에 장착하여 장비를 강화할 수 있습니다. 효과는 중복 적용 되지 않습니다. 마우스 오른쪽 클릭 후, 원하는 장비를 선택하여 장착합니다.",gem_mon_varlehelmsman,,,,,,41105,바를헬름즈먼의 젬,100,0.0,0.0,1111,11,0,1.0
643862,Gem_PlagueDoctor_BeakMask,,,,,,"몬스터에게서 발견되는 보석입니다. 소켓에 장착하여 장비를 강화할 수 있습니다. 효과는 중복 적용 되지 않습니다. 마우스 오른쪽 클릭 후, 원하는 장비를 선택하여 장착합니다.",gem_mon_luna_angel,,,,,,41106,루나 엔젤의 젬,100,0.0,0.0,1111,11,0,1.0
643863,Gem_Kabbalist_RevengedSevenfold,,,,,,"몬스터에게서 발견되는 보석입니다. 소켓에 장착하여 장비를 강화할 수 있습니다. 효과는 중복 적용 되지 않습니다. 마우스 오른쪽 클릭 후, 원하는 장비를 선택하여 장착합니다.",gem_mon_lily_belly,,,,,,41201,릴리 벨리의 젬,100,0.0,0.0,1111,11,0,1.0
643864,Gem_Kabbalist_Ayin_sof,,,,"[{""Stat"": ""\uc544\uc778 \uc18c\ud504 \uc2a4\ud0ac \ub808\ubca8 +1""}]",,"몬스터에게서 발견되는 보석입니다. 소켓에 장착하여 장비를 강화할 수 있습니다. 효과는 중복 적용 되지 않습니다. 마우스 오른쪽 클릭 후, 원하는 장비를 선택하여 장착합니다.",gem_mon_claro,,,,,,41203,클라로의 젬,100,0.0,0.0,1111,11,0,1.0
643865,GEM_Swordman_Bear,,,,,,"몬스터에게서 발견되는 보석입니다. 소켓에 장착하여 장비를 강화할 수 있습니다. 효과는 중복 적용 되지 않습니다. 마우스 오른쪽 클릭 후, 원하는 장비를 선택하여 장착합니다.",gem_mon_moving_trap,,,,,,10009,부우크의 젬,100,0.0,0.0,1111,11,0,1.0
643866,GEM_Peltasta_HardShield,,,,,,"몬스터에게서 발견되는 보석입니다. 소켓에 장착하여 장비를 강화할 수 있습니다. 효과는 중복 적용 되지 않습니다. 마우스 오른쪽 클릭 후, 원하는 장비를 선택하여 장착합니다.",gem_mon_wolf_statue_magician,,,,,,10110,비카라스 메이지의 젬,100,0.0,0.0,1111,11,0,1.0
643867,GEM_Hoplite_SharpSpear,,,,,,"몬스터에게서 발견되는 보석입니다. 소켓에 장착하여 장비를 강화할 수 있습니다. 효과는 중복 적용 되지 않습니다. 마우스 오른쪽 클릭 후, 원하는 장비를 선택하여 장착합니다.",gem_mon_infroburk,,,,,,10308,인프로 버크의 젬,100,0.0,0.0,1111,11,0,1.0
643868,GEM_Dragoon_DragonFear,,,,,,"몬스터에게서 발견되는 보석입니다. 소켓에 장착하여 장비를 강화할 수 있습니다. 효과는 중복 적용 되지 않습니다. 마우스 오른쪽 클릭 후, 원하는 장비를 선택하여 장착합니다.",gem_mon_corpse_flower_green,,,,,,11409,초록 시체꽃의 젬,100,0.0,0.0,1111,11,0,1.0
643869,GEM_Templer_AdvancedOrders,,,,,,"몬스터에게서 발견되는 보석입니다. 소켓에 장착하여 장비를 강화할 수 있습니다. 효과는 중복 적용 되지 않습니다. 마우스 오른쪽 클릭 후, 원하는 장비를 선택하여 장착합니다.",gem_mon_honey_bee,,,,,,11512,바이트의 젬,100,0.0,0.0,1111,11,0,1.0
643870,GEM_Templer_FlyingColors,,,,,,"몬스터에게서 발견되는 보석입니다. 소켓에 장착하여 장비를 강화할 수 있습니다. 효과는 중복 적용 되지 않습니다. 마우스 오른쪽 클릭 후, 원하는 장비를 선택하여 장착합니다.",gem_mon_cronewt,,,,,,11513,크로뉴트의 젬,100,0.0,0.0,1111,11,0,1.0
643871,GEM_Pyromancer_Prominence,,,,,,"몬스터에게서 발견되는 보석입니다. 소켓에 장착하여 장비를 강화할 수 있습니다. 효과는 중복 적용 되지 않습니다. 마우스 오른쪽 클릭 후, 원하는 장비를 선택하여 장착합니다.",gem_mon_lemur,,,,,,20109,레무르의 젬,100,0.0,0.0,1111,11,0,1.0
643872,GEM_Alchemist_SprinkleHPPotion,,,,,,"몬스터에게서 발견되는 보석입니다. 소켓에 장착하여 장비를 강화할 수 있습니다. 효과는 중복 적용 되지 않습니다. 마우스 오른쪽 클릭 후, 원하는 장비를 선택하여 장착합니다.",gem_mon_goblin2_hammer,,,,,,21009,고블린 돌격병의 젬,100,0.0,0.0,1111,11,0,1.0
643873,GEM_Alchemist_SprinkleSPPotion,,,,,,"몬스터에게서 발견되는 보석입니다. 소켓에 장착하여 장비를 강화할 수 있습니다. 효과는 중복 적용 되지 않습니다. 마우스 오른쪽 클릭 후, 원하는 장비를 선택하여 장착합니다.",gem_mon_denden,,,,,,21010,덴덴의 젬,100,0.0,0.0,1111,11,0,1.0
643874,GEM_Chronomancer_TimeForward,,,,,,"몬스터에게서 발견되는 보석입니다. 소켓에 장착하여 장비를 강화할 수 있습니다. 효과는 중복 적용 되지 않습니다. 마우스 오른쪽 클릭 후, 원하는 장비를 선택하여 장착합니다.",gem_mon_velffigy,,,,,,20809,오염된 벨피기의 젬,100,0.0,0.0,1111,11,0,1.0
643875,GEM_Necromancer_RaiseSkullwizard,,,,,,"몬스터에게서 발견되는 보석입니다. 소켓에 장착하여 장비를 강화할 수 있습니다. 효과는 중복 적용 되지 않습니다. 마우스 오른쪽 클릭 후, 원하는 장비를 선택하여 장착합니다.",gem_mon_shredded,,,,,,20912,쉬레디드의 젬,100,0.0,0.0,1111,11,0,1.0
643876,GEM_Elementalist_FireClaw,,,,"[{""Stat"": ""\ud30c\uc774\uc5b4 \ud074\ub7ec \uc2a4\ud0ac \ub808\ubca8 + 1""}]",,"몬스터에게서 발견되는 보석입니다. 소켓에 장착하여 장비를 강화할 수 있습니다. 효과는 중복 적용 되지 않습니다. 마우스 오른쪽 클릭 후, 원하는 장비를 선택하여 장착합니다.",gem_mon_banshee,,,,,,20610,밴시의 젬,100,0.0,0.0,1111,11,0,1.0
643877,GEM_Elementalist_ElementalEssence,,,,,,"몬스터에게서 발견되는 보석입니다. 소켓에 장착하여 장비를 강화할 수 있습니다. 효과는 중복 적용 되지 않습니다. 마우스 오른쪽 클릭 후, 원하는 장비를 선택하여 장착합니다.",gem_mon_tiny_mage,,,,,,20611,티니 마법사의 젬,100,0.0,0.0,1111,11,0,1.0
643878,GEM_RuneCaster_Stan,,,,,,"몬스터에게서 발견되는 보석입니다. 소켓에 장착하여 장비를 강화할 수 있습니다. 효과는 중복 적용 되지 않습니다. 마우스 오른쪽 클릭 후, 원하는 장비를 선택하여 장착합니다.",gem_mon_wendigo_mage,,,,,,21306,웬디고 마법사의 젬,100,0.0,0.0,1111,11,0,1.0
643879,GEM_Archer_Concentration,,,,,,"몬스터에게서 발견되는 보석입니다. 소켓에 장착하여 장비를 강화할 수 있습니다. 효과는 중복 적용 되지 않습니다. 마우스 오른쪽 클릭 후, 원하는 장비를 선택하여 장착합니다.",gem_mon_scorpion,,,,,,30008,지누테카스의 젬,100,0.0,0.0,1111,11,0,1.0
643880,GEM_Hunter_Howling,,,,,,"몬스터에게서 발견되는 보석입니다. 소켓에 장착하여 장비를 강화할 수 있습니다. 효과는 중복 적용 되지 않습니다. 마우스 오른쪽 클릭 후, 원하는 장비를 선택하여 장착합니다.",gem_mon_varv,,,,,,30409,바브의 젬,100,0.0,0.0,1111,11,0,1.0
643881,GEM_QuarrelShooter_BlockAndShoot,,,,"[{""Stat"": ""\ube14\ub85d \uc564\ub4dc \uc0f7 \uc2a4\ud0ac \ub808\ubca8 + 1""}]",,"몬스터에게서 발견되는 보석입니다. 소켓에 장착하여 장비를 강화할 수 있습니다. 효과는 중복 적용 되지 않습니다. 마우스 오른쪽 클릭 후, 원하는 장비를 선택하여 장착합니다.",gem_mon_jellyfish_red,,,,,,30209,붉은 미듀쟈의 젬,100,0.0,0.0,1111,11,0,1.0
643882,GEM_Sapper_SpringTrap,,,,,,"몬스터에게서 발견되는 보석입니다. 소켓에 장착하여 장비를 강화할 수 있습니다. 효과는 중복 적용 되지 않습니다. 마우스 오른쪽 클릭 후, 원하는 장비를 선택하여 장착합니다.",gem_mon_duckey,,,,,,30310,더키의 젬,100,0.0,0.0,1111,11,0,1.0
643883,GEM_Sapper_LegHoldTrap,,,,,,"몬스터에게서 발견되는 보석입니다. 소켓에 장착하여 장비를 강화할 수 있습니다. 효과는 중복 적용 되지 않습니다. 마우스 오른쪽 클릭 후, 원하는 장비를 선택하여 장착합니다.",gem_mon_bubbe_mage_fire,,,,,,30311,광산 화염 마법사의 젬,100,0.0,0.0,1111,11,0,1.0
643884,GEM_Appraiser_Insurance,,,,,,"몬스터에게서 발견되는 보석입니다. 소켓에 장착하여 장비를 강화할 수 있습니다. 효과는 중복 적용 되지 않습니다. 마우스 오른쪽 클릭 후, 원하는 장비를 선택하여 장착합니다.",gem_mon_infrohoglan,,,,,,31506,붉은 인프로 호글란의 젬,100,0.0,0.0,1111,11,0,1.0
643885,GEM_Falconer_Tomahawk,,,,,,"몬스터에게서 발견되는 보석입니다. 소켓에 장착하여 장비를 강화할 수 있습니다. 효과는 중복 적용 되지 않습니다. 마우스 오른쪽 클릭 후, 원하는 장비를 선택하여 장착합니다.",gem_mon_mirtislampa,,,,,,31013,박쥐의 젬,100,0.0,0.0,1111,11,0,1.0
643886,GEM_Chaplain_Binatio,,,,,,"몬스터에게서 발견되는 보석입니다. 소켓에 장착하여 장비를 강화할 수 있습니다. 효과는 중복 적용 되지 않습니다. 마우스 오른쪽 클릭 후, 원하는 장비를 선택하여 장착합니다.",gem_mon_tiny_bow,,,,,,41305,티니 궁수의 젬,100,0.0,0.0,1111,11,0,1.0
643887,GEM_Chaplain_ParaclitusTime,,,,,,"몬스터에게서 발견되는 보석입니다. 소켓에 장착하여 장비를 강화할 수 있습니다. 효과는 중복 적용 되지 않습니다. 마우스 오른쪽 클릭 후, 원하는 장비를 선택하여 장착합니다.",gem_mon_wendigo_bow,,,,,,41306,웬디고 궁수의 젬,100,0.0,0.0,1111,11,0,1.0
643888,GEM_Chaplain_VisibleTalent,,,,,,"몬스터에게서 발견되는 보석입니다. 소켓에 장착하여 장비를 강화할 수 있습니다. 효과는 중복 적용 되지 않습니다. 마우스 오른쪽 클릭 후, 원하는 장비를 선택하여 장착합니다.",gem_mon_lichenclops,,,,,,41307,리첸클롭스의 젬,100,0.0,0.0,1111,11,0,1.0
643889,GEM_Miko_Omikuji,,,,,,"몬스터에게서 발견되는 보석입니다. 소켓에 장착하여 장비를 강화할 수 있습니다. 효과는 중복 적용 되지 않습니다. 마우스 오른쪽 클릭 후, 원하는 장비를 선택하여 장착합니다.",gem_mon_deadbornscab_bow,,,,,,41606,데드본스캡의 궁수의 젬,100,0.0,0.0,1111,11,0,1.0
643890,GEM_Scout_DaggerSlash,,,,,,"몬스터에게서 발견되는 보석입니다. 소켓에 장착하여 장비를 강화할 수 있습니다. 효과는 중복 적용 되지 않습니다. 마우스 오른쪽 클릭 후, 원하는 장비를 선택하여 장착합니다.",gem_mon_truffle,,,,,,50002,트리펠리의 젬,100,0.0,0.0,1111,11,0,1.0
643891,GEM_Scout_ObliqueFire,,,,,,"몬스터에게서 발견되는 보석입니다. 소켓에 장착하여 장비를 강화할 수 있습니다. 효과는 중복 적용 되지 않습니다. 마우스 오른쪽 클릭 후, 원하는 장비를 선택하여 장착합니다.",gem_mon_rubblem,,,,,,50003,러블렘의 젬,100,0.0,0.0,1111,11,0,1.0
643892,GEM_Scout_DoubleAttack,,,,,,"몬스터에게서 발견되는 보석입니다. 소켓에 장착하여 장비를 강화할 수 있습니다. 효과는 중복 적용 되지 않습니다. 마우스 오른쪽 클릭 후, 원하는 장비를 선택하여 장착합니다.",gem_mon_zolem,,,,,,50004,졸렘의 젬,100,0.0,0.0,1111,11,0,1.0
643893,GEM_Scout_FreeStep,,,,,,"몬스터에게서 발견되는 보석입니다. 소켓에 장착하여 장비를 강화할 수 있습니다. 효과는 중복 적용 되지 않습니다. 마우스 오른쪽 클릭 후, 원하는 장비를 선택하여 장착합니다.",gem_mon_bume_goblin_archer,,,,,,50005,하이 부베 궁수의 젬,100,0.0,0.0,1111,11,0,1.0
643894,GEM_Assassin_Behead,,,,,,"몬스터에게서 발견되는 보석입니다. 소켓에 장착하여 장비를 강화할 수 있습니다. 효과는 중복 적용 되지 않습니다. 마우스 오른쪽 클릭 후, 원하는 장비를 선택하여 장착합니다.",gem_mon_katynforest_zombie_02_red,,,,,,50102,붉은 지그리의 젬,100,0.0,0.0,1111,11,0,1.0
643895,GEM_Assassin_InstantaneousAcceleration,,,,,,"몬스터에게서 발견되는 보석입니다. 소켓에 장착하여 장비를 강화할 수 있습니다. 효과는 중복 적용 되지 않습니다. 마우스 오른쪽 클릭 후, 원하는 장비를 선택하여 장착합니다.",gem_mon_nnuo,,,,,,50103,누오의 젬,100,0.0,0.0,1111,11,0,1.0
643896,GEM_Hackapell_HelmChopper,,,,,,"몬스터에게서 발견되는 보석입니다. 소켓에 장착하여 장비를 강화할 수 있습니다. 효과는 중복 적용 되지 않습니다. 마우스 오른쪽 클릭 후, 원하는 장비를 선택하여 장착합니다.",gem_mon_wendigo_archer,,,,,,12008,웬디고 수색꾼의 젬,100,0.0,0.0,1111,11,0,1.0
643897,GEM_QuarrelShooter_Kneelingshot,,,,,,"몬스터에게서 발견되는 보석입니다. 소켓에 장착하여 장비를 강화할 수 있습니다. 효과는 중복 적용 되지 않습니다. 마우스 오른쪽 클릭 후, 원하는 장비를 선택하여 장착합니다.",gem_mon_atti,,,,,,30208,아띠의 젬,100,0.0,0.0,1111,11,0,1.0
643898,GEM_Cleric_Smite,,,,"[{""Stat"": ""\uc2a4\ub9c8\uc774\ud2b8 \uc2a4\ud0ac \ub808\ubca8 + 1""}]",,"몬스터에게서 발견되는 보석입니다. 소켓에 장착하여 장비를 강화할 수 있습니다. 효과는 중복 적용 되지 않습니다. 마우스 오른쪽 클릭 후, 원하는 장비를 선택하여 장착합니다.",gem_mon_chupacabra_blue,,,,,,40008,츄파카브라의 젬,100,0.0,0.0,1111,11,0,1.0
643899,GEM_Priest_TurnUndead,,,,,,"몬스터에게서 발견되는 보석입니다. 소켓에 장착하여 장비를 강화할 수 있습니다. 효과는 중복 적용 되지 않습니다. 마우스 오른쪽 클릭 후, 원하는 장비를 선택하여 장착합니다.",gem_mon_infrorocktor,,,,,,40211,인프로 락터의 젬,100,0.0,0.0,1111,11,0,1.0
643900,GEM_Paladin_StoneSkin,,,,,,"몬스터에게서 발견되는 보석입니다. 소켓에 장착하여 장비를 강화할 수 있습니다. 효과는 중복 적용 되지 않습니다. 마우스 오른쪽 클릭 후, 원하는 장비를 선택하여 장착합니다.",gem_mon_hallowventor,,,,,,40610,대지의 할로우벤터의 젬,100,0.0,0.0,1111,11,0,1.0
643901,GEM_Oracle_DivineMight,,,,,,"몬스터에게서 발견되는 보석입니다. 소켓에 장착하여 장비를 강화할 수 있습니다. 효과는 중복 적용 되지 않습니다. 마우스 오른쪽 클릭 후, 원하는 장비를 선택하여 장착합니다.",gem_mon_hohen_mage,,,,,,41013,호헨 메이지의 젬,100,0.0,0.0,1111,11,0,1.0
643902,GEM_OutLaw_FireBlindly,,,,,,"몬스터에게서 발견되는 보석입니다. 소켓에 장착하여 장비를 강화할 수 있습니다. 효과는 중복 적용 되지 않습니다. 마우스 오른쪽 클릭 후, 원하는 장비를 선택하여 장착합니다.",gem_mon_socket_mage,,,,,,50204,소켓 메이지의 젬,100,0.0,0.0,1111,11,0,1.0
643903,GEM_OutLaw_Bully,,,,,,"몬스터에게서 발견되는 보석입니다. 소켓에 장착하여 장비를 강화할 수 있습니다. 효과는 중복 적용 되지 않습니다. 마우스 오른쪽 클릭 후, 원하는 장비를 선택하여 장착합니다.",gem_mon_ridimed_purple,,,,,,50205,검은 리디메드의 젬,100,0.0,0.0,1111,11,0,1.0
643904,GEM_OutLaw_Rampage,,,,,,"몬스터에게서 발견되는 보석입니다. 소켓에 장착하여 장비를 강화할 수 있습니다. 효과는 중복 적용 되지 않습니다. 마우스 오른쪽 클릭 후, 원하는 장비를 선택하여 장착합니다.",gem_mon_pokubu,,,,,,50207,포쿠부의 젬,100,0.0,0.0,1111,11,0,1.0
643905,GEM_Shinobi_Raiton_no_Jutsu,,,,,,"몬스터에게서 발견되는 보석입니다. 소켓에 장착하여 장비를 강화할 수 있습니다. 효과는 중복 적용 되지 않습니다. 마우스 오른쪽 클릭 후, 원하는 장비를 선택하여 장착합니다.",gem_mon_tontulia,,,,,,50506,톤투리아의 젬,100,0.0,0.0,1111,11,0,1.0
643906,GEM_Thaumaturge_SwellHands,,,,,,"몬스터에게서 발견되는 보석입니다. 소켓에 장착하여 장비를 강화할 수 있습니다. 효과는 중복 적용 되지 않습니다. 마우스 오른쪽 클릭 후, 원하는 장비를 선택하여 장착합니다.",gem_mon_tower_of_fire_puppet,,,,,,50606,주술 인형의 젬,100,0.0,0.0,1111,11,0,1.0
643907,GEM_Enchanter_EnchantGlove,,,,"[{""Stat"": ""\uc778\ucc48\ud2b8 \uae00\ub85c\ube0c \uc2a4\ud0ac \ub808\ubca8 + 1""}]",,"몬스터에게서 발견되는 보석입니다. 소켓에 장착하여 장비를 강화할 수 있습니다. 효과는 중복 적용 되지 않습니다. 마우스 오른쪽 클릭 후, 원하는 장비를 선택하여 장착합니다.",gem_mon_hogma_sorcerer,,,,,,50807,호그마 주술사의 젬,100,0.0,0.0,1111,11,0,1.0
643908,GEM_Rogue_KnifeThrowing,,,,,,"몬스터에게서 발견되는 보석입니다. 소켓에 장착하여 장비를 강화할 수 있습니다. 효과는 중복 적용 되지 않습니다. 마우스 오른쪽 클릭 후, 원하는 장비를 선택하여 장착합니다.",gem_mon_corylus,,,,,,50907,코릴러스의 젬,100,0.0,0.0,1111,11,0,1.0
643909,GEM_Thaumaturge_Quicken,,,,,,"몬스터에게서 발견되는 보석입니다. 소켓에 장착하여 장비를 강화할 수 있습니다. 효과는 중복 적용 되지 않습니다. 마우스 오른쪽 클릭 후, 원하는 장비를 선택하여 장착합니다.",gem_mon_siaulamb,,,,,,50605,샤울렘 라군의 젬,100,0.0,0.0,1111,11,0,1.0
643910,GEM_PlagueDoctor_Modafinil,,,,,,"몬스터에게서 발견되는 보석입니다. 소켓에 장착하여 장비를 강화할 수 있습니다. 효과는 중복 적용 되지 않습니다. 마우스 오른쪽 클릭 후, 원하는 장비를 선택하여 장착합니다.",gem_mon_goblin2_wand3,,,,,,41110,고블린 메지션의 젬,100,0.0,0.0,1111,11,0,1.0
