$ID,$ID_NAME,Bonus,Description,Icon,Link_Collections,Link_Cubes,Link_Items,Link_Maps,Link_Maps_Exploration,Link_MonsterDrops,Link_RecipeMaterial,Link_RecipeTarget,Name,Price,TimeCoolDown,TimeLifeTime,Tradability,Type,Weight
642001,COLLECT_101,"[[""STR"", 1], [""INT"", 1]]",在井裡發現的老舊遺物，點擊滑鼠右鍵使用。,icon_item_box,,,"[645461, 645228, 645229, 645151, 645451, 645403]",,,,,,怪物標本組合,1,0.0,0.0,FFTF,4,0.0
642002,COLLECT_102,"[[""STR"", 5]]",可以收集道具的圖鑑。點擊滑鼠右鍵即可登錄。,icon_item_box,,,"[649001, 649002, 649003, 649006, 645268]",,,,,,礦石圖鑑,1,0.0,0.0,FFTF,4,0.0
642003,COLLECT_103,"[[""CON"", 5]]",可以收集道具的圖鑑。點擊滑鼠右鍵即可登錄。,icon_item_box,,,"[645024, 645461, 645379]",,,,,,花圖鑑,1,0.0,0.0,FFTF,4,0.0
642004,COLLECT_104,"[[""INT"", 5]]",可以收集道具的圖鑑。點擊滑鼠右鍵即可登錄。,icon_item_box,,,"[645267, 645333, 645435, 645364]",,,,,,骨頭圖鑑,1,0.0,0.0,FFTF,4,0.0
642005,COLLECT_105,"[[""SPR"", 5]]",可以收集道具的圖鑑。點擊滑鼠右鍵即可登錄。,icon_item_box,,,"[645439, 645292, 645162]",,,,,,水晶圖鑑,1,0.0,0.0,FFTF,4,0.0
642006,COLLECT_106,"[[""DEX"", 5]]",可以收集道具的圖鑑。點擊滑鼠右鍵即可登錄。,icon_item_box,,,"[645410, 645450, 645428, 645411, 645401]",,,,,,王陵圖鑑,1,0.0,0.0,FFTF,4,0.0
642007,COLLECT_107,"[[""Critical Attack"", 10]]",可以收集道具的圖鑑。點擊滑鼠右鍵即可登錄。,icon_item_box,,,"[645455, 645454, 645419, 645194]",,,,,,柯卡特里斯圖鑑,1,0.0,0.0,FFTF,4,0.0
642008,COLLECT_108,"[[""Magic Defense"", 10]]",可以收集道具的圖鑑。點擊滑鼠右鍵即可登錄。,icon_item_box,,,"[645130, 645142, 645221, 645192, 645197, 645421]",,,,,,惡魔圖鑑,1,0.0,0.0,FFTF,4,0.0
642009,COLLECT_109,"[[""STR"", 1], [""INT"", 1]]",可以收集道具的圖鑑。點擊滑鼠右鍵即可登錄。,icon_item_box,,,"[645453, 645334, 645320, 645430, 645142]",,,,,,泰內聖堂圖鑑,1,0.0,0.0,FFTF,4,0.0
642010,COLLECT_110,"[[""Defense"", 4]]",可以收集道具的圖鑑。點擊滑鼠右鍵即可登錄。,icon_item_box,,,"[645348, 645193, 645400]",,,,,,幽靈圖鑑,1,0.0,0.0,FFTF,4,0.0
642011,COLLECT_111,"[[""Dark Property Resistance"", 8]]",可以收集道具的圖鑑。點擊滑鼠右鍵即可登錄。,icon_item_box,,,"[644042, 644043, 644009, 644067]",,,,,,LV1 卡片圖鑑,1,0.0,0.0,FFTF,4,0.0
642012,COLLECT_112,"[[""Defense"", 3]]",可以收集道具的圖鑑。點擊滑鼠右鍵即可登錄。,icon_item_box,,,"[644031, 644032, 644029, 644068, 644033]",,,,,,LV2 卡片圖鑑,1,0.0,0.0,FFTF,4,0.0
642013,COLLECT_113,"[[""Magic Defense"", 3]]",可以收集道具的圖鑑。點擊滑鼠右鍵即可登錄。,icon_item_box,,,"[644007, 644063, 644048, 644015, 644053, 644093]",,,,,,LV3 卡片圖鑑,1,0.0,0.0,FFTF,4,0.0
642014,COLLECT_114,"[[""CON"", 3]]",可以收集道具的圖鑑。點擊滑鼠右鍵即可登錄。,icon_item_box,,,"[644024, 644045, 644059, 644022]",,,,,,LV4 卡片圖鑑,1,0.0,0.0,FFTF,4,0.0
642015,COLLECT_115,"[[""INT"", 1]]",5個項鍊的收集圖鑑，刻有大教堂的創始者梅伊班下達給朝聖者之路的話題。點擊滑鼠右鍵即可登錄。,icon_item_jewelrybox,,,"[581132, 581133, 581134, 581135, 581136]",,,,,,5大罪惡項鍊圖鑑,1,0.0,0.0,FFFF,4,0.0
642016,COLLECT_116,"[[""Maximum HP"", 125]]",拉伊瑪女神的啟示中，收集女神和魔族之間的矛盾被記錄的啟示之圖鑑。點擊滑鼠右鍵即可登錄。,icon_item_holyark,,,"[650710, 650742, 650830]",,,,,,啟示錄 ： 對立篇圖鑑,1,0.0,0.0,FFFF,4,0.0
642017,COLLECT_117,"[[""Weight Limit"", 100]]",拉伊瑪女神的啟示中，收集蘊藏著世界的隱藏秘密的啟示之圖鑑。點擊滑鼠右鍵即可登錄。,icon_item_holyark,,,"[650824, 653041, 650856]",,,,,,啟示錄 ： 移民篇圖鑑,1,0.0,0.0,FFFF,4,0.0
642018,COLLECT_118,"[[""Physical Attack"", 2]]",可以收集道具的圖鑑。點擊滑鼠右鍵即可登錄。,icon_item_box,,,"[645117, 628054, 645118, 645024, 645120, 645121, 645267]",,,,,,圖鑑：夏爾雷依西邊森林,1,0.0,0.0,FFFF,4,0.0
642019,COLLECT_119,"[[""Magic Attack"", 2]]",可以收集道具的圖鑑。點擊滑鼠右鍵即可登錄。,icon_item_box,,,"[645122, 645269, 640072, 645124, 645125]",,,,,,圖鑑：夏爾雷依東邊森林,1,0.0,0.0,FFFF,4,0.0
642020,COLLECT_120,"[[""Defense"", 3]]",可以收集道具的圖鑑。點擊滑鼠右鍵即可登錄。,icon_item_box,,,"[645117, 645126, 645129, 601123]",,,,,,圖鑑：夏爾雷依礦山村莊,1,0.0,0.0,FFFF,4,0.0
642021,COLLECT_121,"[[""Magic Defense"", 6]]",可以收集道具的圖鑑。點擊滑鼠右鍵即可登錄。,icon_item_box,,,"[640025, 645129, 581123, 645235, 645286, 645130]",,,,,,圖鑑：水晶礦山1層,1,0.0,0.0,FFFF,4,0.0
642022,COLLECT_122,"[[""Maximum HP"", 150]]",可以收集道具的圖鑑。點擊滑鼠右鍵即可登錄。,icon_item_box,,,"[645287, 645288, 645132, 645129, 645222]",,,,,,圖鑑：水晶礦山2層,1,0.0,0.0,FFFF,4,0.0
642023,COLLECT_123,"[[""Maximum SP"", 30]]",可以收集道具的圖鑑。點擊滑鼠右鍵即可登錄。,icon_item_box,,,"[645131, 645292, 645129, 645293]",,,,,,圖鑑：水晶礦山3層,1,0.0,0.0,FFFF,4,0.0
642024,COLLECT_124,"[[""HP Recovery"", 10]]",可以收集道具的圖鑑。點擊滑鼠右鍵即可登錄。,icon_item_box,,,"[645135, 645134, 645352, 502123, 512123, 522123, 532123]",,,,,,圖鑑：斯拉屋塔斯峽谷,1,0.0,0.0,FFFF,4,0.0
642025,COLLECT_125,"[[""SP Recovery"", 3]]",可以收集道具的圖鑑。點擊滑鼠右鍵即可登錄。,icon_item_box,,,"[645300, 645134, 142101, 645307]",,,,,,圖鑑：凱利高原,1,0.0,0.0,FFFF,4,0.0
642026,COLLECT_126,"[[""Critical Magic Attack"", 4]]",可以收集道具的圖鑑。點擊滑鼠右鍵即可登錄。,icon_item_box,,,"[645347, 645138, 645306, 645348, 645412, 645346, 645297, 628018]",,,,,,圖鑑：奈普里塔斯懸崖,1,0.0,0.0,FFFF,4,0.0
642027,COLLECT_127,"[[""Physical Attack"", 4]]",可以收集道具的圖鑑。點擊滑鼠右鍵即可登錄。,icon_item_box,,,"[645303, 645134, 645310, 645231]",,,,,,圖鑑：泰內花園,1,0.0,0.0,FFFF,4,0.0
642028,COLLECT_128,"[[""Magic Attack"", 4]]",可以收集道具的圖鑑。點擊滑鼠右鍵即可登錄。,icon_item_box,,,"[645461, 645228, 645229, 645380, 645151]",,,,,,圖鑑：貝雅山谷,1,0.0,0.0,FFFF,4,0.0
642029,COLLECT_129,"[[""Defense"", 6]]",可以收集道具的圖鑑。點擊滑鼠右鍵即可登錄。,icon_item_box,,,"[645341, 645153, 645435, 645357, 645394, 645393]",,,,,,圖鑑：比爾塔溪谷,1,0.0,0.0,FFFF,4,0.0
642030,COLLECT_130,"[[""Magic Defense"", 12]]",可以收集道具的圖鑑。點擊滑鼠右鍵即可登錄。,icon_item_box,,,"[645156, 649201, 645451]",,,,,,圖鑑：科博爾特森林,1,0.0,0.0,FFFF,4,0.0
642031,COLLECT_131,"[[""Maximum HP"", 70]]",可以收集道具的圖鑑。點擊滑鼠右鍵即可登錄。,icon_item_box,,,"[640044, 645403, 601127, 511107]",,,,,,圖鑑：賽堤尼山溝,1,0.0,0.0,FFFF,4,0.0
642032,COLLECT_132,"[[""Maximum SP"", 20]]",可以收集道具的圖鑑。點擊滑鼠右鍵即可登錄。,icon_item_box,,,"[645142, 582103, 645333, 645334]",,,,,,圖鑑：泰內聖堂地下1層,1,0.0,0.0,FFFF,4,0.0
642033,COLLECT_133,"[[""HP Recovery"", 10]]",可以收集道具的圖鑑。點擊滑鼠右鍵即可登錄。,icon_item_box,,,"[645453, 649007, 645330, 645618, 628051]",,,,,,圖鑑：泰內聖堂地上1層,1,0.0,0.0,FFFF,4,0.0
642034,COLLECT_134,"[[""SP Recovery"", 3]]",可以收集道具的圖鑑。點擊滑鼠右鍵即可登錄。,icon_item_box,,,"[645141, 645320, 645430, 649204]",,,,,,圖鑑：泰內聖堂地上2層,1,0.0,0.0,FFFF,4,0.0
642035,COLLECT_135,"[[""Accuracy"", 1]]",可以收集道具的圖鑑。點擊滑鼠右鍵即可登錄。,icon_item_box,,,"[645159, 645246, 645413, 645162, 640042, 645160]",,,,,,圖鑑：關口路,1,0.0,0.0,FFFF,4,0.0
642036,COLLECT_136,"[[""Evasion"", 1]]",可以收集道具的圖鑑。點擊滑鼠右鍵即可登錄。,icon_item_box,,,"[645161, 645218, 645369, 645219, 645164, 645234]",,,,,,圖鑑：史爾特凱拉森林,1,0.0,0.0,FFFF,4,0.0
642037,COLLECT_137,"[[""Critical Rate"", 1]]",可以收集道具的圖鑑。點擊滑鼠右鍵即可登錄。,icon_item_box,,,"[645165, 645163, 645432]",,,,,,圖鑑：克巴伊拉斯森林,1,0.0,0.0,FFFF,4,0.0
642038,COLLECT_138,"[[""Critical Attack"", 6]]",可以收集道具的圖鑑。點擊滑鼠右鍵即可登錄。,icon_item_box,,,"[645187, 645547, 202119, 242111, 121106, 201108]",,,,,,圖鑑：看守者的墓園,1,0.0,0.0,FFFF,4,0.0
642039,COLLECT_139,"[[""Critical Defense"", 1]]",可以收集道具的圖鑑。點擊滑鼠右鍵即可登錄。,icon_item_box,,,"[645225, 645476, 645171, 645445]",,,,,,圖鑑：大王關口,1,0.0,0.0,FFFF,4,0.0
642040,COLLECT_140,"[[""Critical Magic Attack"", 6]]",可以收集道具的圖鑑。點擊滑鼠右鍵即可登錄。,icon_item_box,,,"[645172, 645173, 645420, 628061]",,,,,,圖鑑：拉姆斯堤斯峽谷,1,0.0,0.0,FFFF,4,0.0
642041,COLLECT_141,"[[""Physical Attack"", 6]]",可以收集道具的圖鑑。點擊滑鼠右鍵即可登錄。,icon_item_box,,,"[645174, 645256, 645446, 601129, 531107, 521111, 531111]",,,,,,圖鑑：長橋溪谷,1,0.0,0.0,FFFF,4,0.0
642042,COLLECT_142,"[[""Magic Attack"", 4]]",可以收集道具的圖鑑。點擊滑鼠右鍵即可登錄。,icon_item_box,,,"[645175, 645421, 645465, 645464, 649208]",,,,,,圖鑑：阿克梅斯山脊,1,0.0,0.0,FFFF,4,0.0
642043,COLLECT_143,"[[""Defense"", 6]]",可以收集道具的圖鑑。點擊滑鼠右鍵即可登錄。,icon_item_box,,,"[645176, 645177, 241104, 161109, 141109]",,,,,,圖鑑：堤塔斯峽谷,1,0.0,0.0,FFFF,4,0.0
642044,COLLECT_144,"[[""Magic Defense"", 3]]",可以收集道具的圖鑑。點擊滑鼠右鍵即可登錄。,icon_item_box,,,"[645565, 645423, 645540, 645392]",,,,,,圖鑑：奇堤斯的開墾地,1,0.0,0.0,FFFF,4,0.0
642045,COLLECT_145,"[[""Maximum HP"", 140]]",可以收集道具的圖鑑。點擊滑鼠右鍵即可登錄。,icon_item_box,,,"[644130, 680114, 685114, 680115, 685115, 680116, 685116, 680117, 685117]",,,,,,圖鑑：王陵勞役者宿舍,1,0.0,0.0,FFFF,4,0.0
642046,COLLECT_146,"[[""Maximum SP"", 28]]",可以收集道具的圖鑑。點擊滑鼠右鍵即可登錄。,icon_item_box,,,"[644126, 680118, 685118, 680119, 685119, 680120, 685120, 680121, 685121]",,,,,,圖鑑：王陵建築者禮拜堂,1,0.0,0.0,FFFF,4,0.0
642047,COLLECT_147,"[[""HP Recovery"", 14]]",可以收集道具的圖鑑。點擊滑鼠右鍵即可登錄。,icon_item_box,,,"[644053, 649216, 182106, 680122, 685122, 680123, 685123, 680124, 685124]",,,,,,圖鑑：王陵裝載所,1,0.0,0.0,FFFF,4,0.0
642048,COLLECT_148,"[[""SP Recovery"", 3]]",可以收集道具的圖鑑。點擊滑鼠右鍵即可登錄。,icon_item_box,,,"[645177, 645364, 645238, 602105]",,,,,,圖鑑：魯卡斯高原,1,0.0,0.0,FFFF,4,0.0
642049,COLLECT_149,"[[""Accuracy"", 2]]",可以收集道具的圖鑑。點擊滑鼠右鍵即可登錄。,icon_item_box,,,"[645177, 628040, 501114, 501113, 182114]",,,,,,圖鑑：王之高原,1,0.0,0.0,FFFF,4,0.0
642050,COLLECT_150,"[[""Evasion"", 1]]",可以收集道具的圖鑑。點擊滑鼠右鍵即可登錄。,icon_item_box,,,"[645463, 645392, 251101, 601128, 202116]",,,,,,圖鑑：札卡里耶爾交叉路,1,0.0,0.0,FFFF,4,0.0
642051,COLLECT_151,"[[""Critical Rate"", 1]]",可以收集道具的圖鑑。點擊滑鼠右鍵即可登錄。,icon_item_box,,,"[645178, 645410, 645221, 645179, 645450]",,,,,,圖鑑：王陵1層,1,0.0,0.0,FFFF,4,0.0
642052,COLLECT_152,"[[""Critical Attack"", 6]]",可以收集道具的圖鑑。點擊滑鼠右鍵即可登錄。,icon_item_box,,,"[645180, 645220, 645181, 581129, 201110, 241105]",,,,,,圖鑑：王陵2層,1,0.0,0.0,FFFF,4,0.0
642053,COLLECT_153,"[[""Critical Defense"", 2]]",可以收集道具的圖鑑。點擊滑鼠右鍵即可登錄。,icon_item_box,,,"[645428, 645210, 645181, 531114, 521153, 161110]",,,,,,圖鑑：王陵3層,1,0.0,0.0,FFFF,4,0.0
642054,COLLECT_154,"[[""Stamina"", 1]]",可以收集道具的圖鑑。點擊滑鼠右鍵即可登錄。,icon_item_box,,,"[645411, 645209, 121108, 531153, 251101]",,,,,,圖鑑：王陵4層,1,0.0,0.0,FFFF,4,0.0
642055,COLLECT_155,"[[""Critical Magic Attack"", 8]]",可以收集道具的圖鑑。點擊滑鼠右鍵即可登錄。,icon_item_box,,,"[645402, 645401, 640040, 649205, 645186]",,,,,,圖鑑：王陵5層,1,0.0,0.0,FFFF,4,0.0
642056,COLLECT_156,"[[""Physical Attack"", 8]]",可以收集道具的圖鑑。點擊滑鼠右鍵即可登錄。,icon_item_box,,,"[645477, 640072, 162106, 101110, 511113, 582106]",,,,,,圖鑑：阿雷魯諾男爵嶺,1,0.0,0.0,FFFF,4,0.0
642057,COLLECT_157,"[[""Magic Attack"", 6]]",可以收集道具的圖鑑。點擊滑鼠右鍵即可登錄。,icon_item_box,,,"[645438, 645552, 645160, 645547, 521113, 602106]",,,,,,圖鑑：密魯奇堤農場,1,0.0,0.0,FFFF,4,0.0
642058,COLLECT_158,"[[""Defense"", 6]]",可以收集道具的圖鑑。點擊滑鼠右鍵即可登錄。,icon_item_box,,,"[645547, 645573, 645225, 645551, 501115]",,,,,,圖鑑：水路橋地區,1,0.0,0.0,FFFF,4,0.0
642059,COLLECT_159,"[[""Magic Defense"", 15]]",可以收集道具的圖鑑。點擊滑鼠右鍵即可登錄。,icon_item_box,,,"[645445, 645476, 643740, 643677]",,,,,,圖鑑：特南茲農場,1,0.0,0.0,FFFF,4,0.0
642060,COLLECT_160,"[[""Maximum HP"", 70]]",可以收集道具的圖鑑。點擊滑鼠右鍵即可登錄。,icon_item_box,,,"[645240, 645187, 645462, 645239, 640029]",,,,,,圖鑑：碑石路,1,0.0,0.0,FFFF,4,0.0
642061,COLLECT_161,"[[""Maximum SP"", 18]]",可以收集道具的圖鑑。點擊滑鼠右鍵即可登錄。,icon_item_box,,,"[645427, 649200, 640028, 645397, 645396, 649209, 645190]",,,,,,圖鑑：女神的古院,1,0.0,0.0,FFFF,4,0.0
642062,COLLECT_162,"[[""HP Recovery"", 7]]",可以收集道具的圖鑑。點擊滑鼠右鍵即可登錄。,icon_item_box,,,"[645191, 645213, 645192, 221113]",,,,,,圖鑑：艾沙奇烏村莊,1,0.0,0.0,FFFF,4,0.0
642063,COLLECT_163,"[[""SP Recovery"", 4]]",可以收集道具的圖鑑。點擊滑鼠右鍵即可登錄。,icon_item_box,,,"[645481, 645193, 649203, 645455, 645419, 645194, 628015]",,,,,,圖鑑：佩迪米安外城,1,0.0,0.0,FFFF,4,0.0
642064,COLLECT_164,"[[""Accuracy"", 2]]",可以收集道具的圖鑑。點擊滑鼠右鍵即可登錄。,icon_item_box,,,"[521122, 645614, 521122, 202104, 161130]",,,,,,圖鑑：水晶礦山第2礦區1層,1,0.0,0.0,FFFF,4,0.0
642065,COLLECT_165,"[[""Evasion"", 2]]",可以收集道具的圖鑑。點擊滑鼠右鍵即可登錄。,icon_item_box,,,"[531122, 645429, 645615, 645235, 271122, 142104]",,,,,,圖鑑：水晶礦山第2礦區2層,1,0.0,0.0,FFFF,4,0.0
642066,COLLECT_166,"[[""Critical Rate"", 1]]",可以收集道具的圖鑑。點擊滑鼠右鍵即可登錄。,icon_item_box,,,"[645438, 645539, 645363, 645344, 141130]",,,,,,圖鑑：卡汀森林入口,1,0.0,0.0,FFFF,4,0.0
642067,COLLECT_167,"[[""Critical Attack"", 6]]",可以收集道具的圖鑑。點擊滑鼠右鍵即可登錄。,icon_item_box,,,"[645437, 645540, 645541, 17033, 30278, 582109]",,,,,,圖鑑：貓頭鷹之墓,1,0.0,0.0,FFFF,4,0.0
642068,COLLECT_168,"[[""Critical Defense"", 2]]",可以收集道具的圖鑑。點擊滑鼠右鍵即可登錄。,icon_item_box,,,"[645479, 601132, 645469, 601132]",,,,,,圖鑑：波塞林奇斯森林,1,0.0,0.0,FFFF,4,0.0
642069,COLLECT_169,"[[""Stamina"", 1]]",可以收集道具的圖鑑。點擊滑鼠右鍵即可登錄。,icon_item_box,,,"[111001, 645344, 643535, 582108, 18008]",,,,,,圖鑑：史可尼斯原野,1,0.0,0.0,FFFF,4,0.0
642070,COLLECT_170,"[[""Critical Magic Attack"", 6]]",可以收集道具的圖鑑。點擊滑鼠右鍵即可登錄。,icon_item_box,,,"[645216, 645381, 645195, 645233, 645388, 645389, 645196, 645431]",,,,,,圖鑑：魔法師之塔1層,1,0.0,0.0,FFFF,4,0.0
642071,COLLECT_171,"[[""Physical Attack"", 8]]",可以收集道具的圖鑑。點擊滑鼠右鍵即可登錄。,icon_item_box,,,"[645197, 645447, 649208, 649210, 645460, 628036]",,,,,,圖鑑：魔法師之塔2層,1,0.0,0.0,FFFF,4,0.0
642072,COLLECT_172,"[[""Magic Attack"", 6]]",可以收集道具的圖鑑。點擊滑鼠右鍵即可登錄。,icon_item_box,,,"[645199, 645200, 581137, 645443]",,,,,,圖鑑：魔法師之塔3層,1,0.0,0.0,FFFF,4,0.0
642073,COLLECT_173,"[[""Defense"", 12]]",可以收集道具的圖鑑。點擊滑鼠右鍵即可登錄。,icon_item_box,,,"[645237, 645234, 628058, 645202, 645407, 640054]",,,,,,圖鑑：魔法師之塔4層,1,0.0,0.0,FFFF,4,0.0
642074,COLLECT_174,"[[""Magic Defense"", 6]]",可以收集道具的圖鑑。點擊滑鼠右鍵即可登錄。,icon_item_box,,,"[645204, 645205, 645216, 645381]",,,,,,圖鑑：魔法師之塔5層,1,0.0,0.0,FFFF,4,0.0
642075,COLLECT_175,"[[""Maximum HP"", 105]]",可以收集道具的圖鑑。點擊滑鼠右鍵即可登錄。,icon_item_box,,,"[645544, 645545, 645546, 122117, 11103, 14054]",,,,,,圖鑑：德巴西安嶺,1,0.0,0.0,FFFF,4,0.0
642076,COLLECT_176,"[[""Maximum SP"", 18]]",可以收集道具的圖鑑。點擊滑鼠右鍵即可登錄。,icon_item_box,,,"[645547, 645548, 645549, 645550, 645442]",,,,,,圖鑑：破旗森林,1,0.0,0.0,FFFF,4,0.0
642077,COLLECT_177,"[[""HP Recovery"", 7]]",可以收集道具的圖鑑。點擊滑鼠右鍵即可登錄。,icon_item_box,,,"[645551, 645551, 645552, 181124, 241113, 30285]",,,,,,圖鑑：大餓鬼路,1,0.0,0.0,FFFF,4,0.0
642078,COLLECT_178,"[[""SP Recovery"", 3]]",可以收集道具的圖鑑。點擊滑鼠右鍵即可登錄。,icon_item_box,,,"[645553, 645395, 645602, 511140, 18010]",,,,,,圖鑑：朝聖者田間路,1,0.0,0.0,FFFF,4,0.0
642079,COLLECT_179,"[[""Accuracy"", 2]]",可以收集道具的圖鑑。點擊滑鼠右鍵即可登錄。,icon_item_box,,,"[645555, 645556, 640131, 252110, 122110]",,,,,,圖鑑：祭壇路,1,0.0,0.0,FFFF,4,0.0
642080,COLLECT_180,"[[""Evasion"", 3]]",可以收集道具的圖鑑。點擊滑鼠右鍵即可登錄。,icon_item_box,,,"[643546, 645373, 645429, 645615]",,,,,,圖鑑：祈願森林,1,0.0,0.0,FFFF,4,0.0
642081,COLLECT_181,"[[""Critical Rate"", 2]]",可以收集道具的圖鑑。點擊滑鼠右鍵即可登錄。,icon_item_box,,,"[645213, 645187, 181125, 34045, 271124]",,,,,,圖鑑：亞希梅斯堤交叉路,1,0.0,0.0,FFFF,4,0.0
642082,COLLECT_182,"[[""Critical Attack"", 10]]",可以收集道具的圖鑑。點擊滑鼠右鍵即可登錄。,icon_item_box,,,"[645443, 643569, 645443, 141132, 201131, 17012, 14055]",,,,,,圖鑑：衰微的勒肯家門的宅邸,1,0.0,0.0,FFFF,4,0.0
642083,COLLECT_183,"[[""Critical Defense"", 1]]",可以收集道具的圖鑑。點擊滑鼠右鍵即可登錄。,icon_item_box,,,"[645560, 645561, 111002, 101132, 251105]",,,,,,圖鑑：正殿,1,0.0,0.0,FFFF,4,0.0
642084,COLLECT_184,"[[""Stamina"", 1]]",可以收集道具的圖鑑。點擊滑鼠右鍵即可登錄。,icon_item_box,,,"[645429, 645615, 521144, 511144, 121124]",,,,,,圖鑑：大回廊,1,0.0,0.0,FFFF,4,0.0
642085,COLLECT_185,"[[""Weight Limit"", 50]]",可以收集道具的圖鑑。點擊滑鼠右鍵即可登錄。,icon_item_box,,,"[645548, 645564, 645548, 645564, 645548, 645564, 645548, 645564, 645548]",,,,,,圖鑑：大教堂的懺悔路,1,0.0,0.0,FFFF,4,0.0
642086,COLLECT_186,"[[""Critical Magic Attack"", 6]]",可以收集道具的圖鑑。點擊滑鼠右鍵即可登錄。,icon_item_box,,,"[645618, 221116, 142108, 643504]",,,,,,圖鑑：至聖所,1,0.0,0.0,FFFF,4,0.0
642087,COLLECT_187,"[[""Physical Attack"", 6]]",可以收集道具的圖鑑。點擊滑鼠右鍵即可登錄。,icon_item_box,,,"[645583, 649209, 645584, 601134, 511146]",,,,,,圖鑑：克林卡的莊園,1,0.0,0.0,FFFF,4,0.0
642088,COLLECT_188,"[[""Magic Attack"", 6]]",可以收集道具的圖鑑。點擊滑鼠右鍵即可登錄。,icon_item_box,,,"[645585, 645586, 521146, 640038]",,,,,,圖鑑：夏頓農場,1,0.0,0.0,FFFF,4,0.0
642089,COLLECT_189,"[[""Defense"", 9]]",可以收集道具的圖鑑。點擊滑鼠右鍵即可登錄。,icon_item_box,,,"[645617, 645588, 581139, 531146]",,,,,,圖鑑：夏頓蓄水區,1,0.0,0.0,FFFF,4,0.0
642090,COLLECT_190,"[[""Magic Defense"", 9]]",可以收集道具的圖鑑。點擊滑鼠右鍵即可登錄。,icon_item_box,,,"[645574, 645575, 645320, 645576, 645559, 18011]",,,,,,圖鑑：魔族監獄第1區,1,0.0,0.0,FFFF,4,0.0
642091,COLLECT_191,"[[""Maximum HP"", 80]]",可以收集道具的圖鑑。點擊滑鼠右鍵即可登錄。,icon_item_box,,,"[645579, 645601, 531145, 521145, 111003]",,,,,,圖鑑：魔族監獄第2區,1,0.0,0.0,FFFF,4,0.0
642092,COLLECT_192,"[[""Maximum SP"", 18]]",可以收集道具的圖鑑。點擊滑鼠右鍵即可登錄。,icon_item_box,,,"[645580, 645543, 645581, 645551, 141133]",,,,,,圖鑑：魔族監獄第3區,1,0.0,0.0,FFFF,4,0.0
642093,COLLECT_193,"[[""HP Recovery"", 8]]",可以收集道具的圖鑑。點擊滑鼠右鍵即可登錄。,icon_item_box,,,"[643501, 643502, 643501, 643502, 643501, 643502, 643501, 643502, 643501]",,,,,,圖鑑：魔族監獄第4區,1,0.0,0.0,FFFF,4,0.0
642094,COLLECT_194,"[[""SP Recovery"", 4]]",可以收集道具的圖鑑。點擊滑鼠右鍵即可登錄。,icon_item_box,,,"[645582, 645370, 101133, 680297, 685297]",,,,,,圖鑑：魔族監獄第5區,1,0.0,0.0,FFFF,4,0.0
642095,COLLECT_195,"[[""Accuracy"", 1]]",可以收集道具的圖鑑。點擊滑鼠右鍵即可登錄。,icon_item_box,,,"[645589, 645590, 645591, 645592, 645593, 645591]",,,,,,圖鑑：達伊納養蜂地,1,0.0,0.0,FFFF,4,0.0
642096,COLLECT_196,"[[""Evasion"", 1]]",可以收集道具的圖鑑。點擊滑鼠右鍵即可登錄。,icon_item_box,,,"[645594, 645565, 645595, 645596]",,,,,,圖鑑：比爾那森林,1,0.0,0.0,FFFF,4,0.0
642097,COLLECT_197,"[[""Critical Rate"", 1]]",可以收集道具的圖鑑。點擊滑鼠右鍵即可登錄。,icon_item_box,,,"[645346, 645418, 645597, 645596, 242107]",,,,,,圖鑑：烏奇斯耕作地,1,0.0,0.0,FFFF,4,0.0
642098,COLLECT_198,"[[""Critical Attack"", 10]]",可以收集道具的圖鑑。點擊滑鼠右鍵即可登錄。,icon_item_box,,,"[645599, 645596, 602109, 111004, 33055]",,,,,,圖鑑：春光樹林,1,0.0,0.0,FFFF,4,0.0
642099,COLLECT_199,"[[""Critical Defense"", 1]]",可以收集道具的圖鑑。點擊滑鼠右鍵即可登錄。,icon_item_box,,,"[645174, 33023, 201132, 161133]",,,,,,圖鑑：第2魔族收監所,1,0.0,0.0,FFFF,4,0.0
642100,COLLECT_200,"[[""Stamina"", 1]]",可以收集道具的圖鑑。點擊滑鼠右鍵即可登錄。,icon_item_box,,,"[649209, 645614, 501148, 121126, 221117]",,,,,,圖鑑：努歐路汀瀑布,1,0.0,0.0,FFFF,4,0.0
642101,COLLECT_201,"[[""Weight Limit"", 50]]",可以收集道具的圖鑑。點擊滑鼠右鍵即可登錄。,icon_item_box,,,"[649209, 645614, 141134, 241116, 161134]",,,,,,圖鑑：那穆寺院,1,0.0,0.0,FFFF,4,0.0
642102,COLLECT_202,"[[""Critical Magic Attack"", 6]]",可以收集道具的圖鑑。點擊滑鼠右鍵即可登錄。,icon_item_box,,,"[645481, 645193, 181127, 531148, 521148]",,,,,,圖鑑：伊斯托拉遺跡地,1,0.0,0.0,FFFF,4,0.0
642103,COLLECT_203,"[[""Physical Attack"", 6]]",可以收集道具的圖鑑。點擊滑鼠右鍵即可登錄。,icon_item_box,,,"[645208, 645413, 201133, 501149, 101134, 301101]",,,,,,圖鑑：克拉戴坡路,1,0.0,0.0,FFFF,4,0.0
642104,COLLECT_204,"[[""Magic Attack"", 8]]",可以收集道具的圖鑑。點擊滑鼠右鍵即可登錄。,icon_item_box,,,"[511149, 34021, 271126, 511147]",,,,,,圖鑑：比提斯森林,1,0.0,0.0,FFFF,4,0.0
642105,COLLECT_205,"[[""Defense"", 9]]",可以收集道具的圖鑑。點擊滑鼠右鍵即可登錄。,icon_item_box,,,"[645561, 521147, 521149, 252107]",,,,,,圖鑑：拉烏基美濕地,1,0.0,0.0,FFFF,4,0.0
642106,COLLECT_206,"[[""Magic Defense"", 6]]",可以收集道具的圖鑑。點擊滑鼠右鍵即可登錄。,icon_item_box,,,"[645373, 645373, 645373, 645373, 645373, 645373, 645373, 645373, 645373]",,,,,,圖鑑：堤拉修道院,1,0.0,0.0,FFFF,4,0.0
642107,COLLECT_207,"[[""Maximum HP"", 80]]",可以收集道具的圖鑑。點擊滑鼠右鍵即可登錄。,icon_item_box,,,"[645550, 645611, 30372, 30371, 111005]",,,,,,圖鑑：路克索那重建團西館,1,0.0,0.0,FFFF,4,0.0
642108,COLLECT_208,"[[""Maximum SP"", 24]]",可以收集道具的圖鑑。點擊滑鼠右鍵即可登錄。,icon_item_box,,,"[645612, 645613, 645560, 30376, 30375, 19006]",,,,,,圖鑑：路克索那重建團東館,1,0.0,0.0,FFFF,4,0.0
642109,COLLECT_209,"[[""HP Recovery"", 8]]",可以收集道具的圖鑑。點擊滑鼠右鍵即可登錄。,icon_item_box,,,"[645126, 645386, 645616, 251109, 161135, 581141]",,,,,,圖鑑：貝魯克堤廣場,1,0.0,0.0,FFFF,4,0.0
642110,COLLECT_210,"[[""SP Recovery"", 3]]",可以收集道具的圖鑑。點擊滑鼠右鍵即可登錄。,icon_item_box,,,"[645409, 645559, 121127, 311102, 271127]",,,,,,圖鑑：路克索那市場,1,0.0,0.0,FFFF,4,0.0
642111,COLLECT_211,"[[""Accuracy"", 2]]",可以收集道具的圖鑑。點擊滑鼠右鍵即可登錄。,icon_item_box,,,"[645379, 645379, 645379, 645379, 645379, 645379, 645379, 645379, 645379]",,,,,,圖鑑：露克立斯街道,1,0.0,0.0,FFFF,4,0.0
642112,COLLECT_212,"[[""Evasion"", 1]]",可以收集道具的圖鑑。點擊滑鼠右鍵即可登錄。,icon_item_box,,,"[645390, 645616, 602111, 241117]",,,,,,圖鑑：中心街道,1,0.0,0.0,FFFF,4,0.0
642113,COLLECT_213,"[[""Critical Rate"", 1]]",可以收集道具的圖鑑。點擊滑鼠右鍵即可登錄。,icon_item_box,,,"[645395, 645392, 645391, 645578, 312102]",,,,,,圖鑑：內城地區,1,0.0,0.0,FFFF,4,0.0
642114,COLLECT_214,"[[""Critical Attack"", 6]]",可以收集道具的圖鑑。點擊滑鼠右鍵即可登錄。,icon_item_box,,,"[645465, 645386, 181128, 141135, 302103]",,,,,,圖鑑：摩克瑟墓室,1,0.0,0.0,FFFF,4,0.0
642115,COLLECT_215,"[[""Critical Defense"", 2]]",可以收集道具的圖鑑。點擊滑鼠右鍵即可登錄。,icon_item_box,,,"[645187, 645465, 19007, 201134]",,,,,,圖鑑：利堤尼斯地下墓,1,0.0,0.0,FFFF,4,0.0
642116,COLLECT_216,"[[""Stamina"", 1]]",可以收集道具的圖鑑。點擊滑鼠右鍵即可登錄。,icon_item_box,,,"[645580, 14019, 645612, 645612, 645612, 645612, 645612]",,,,,,圖鑑：拜頓堤斯神堂,1,0.0,0.0,FFFF,4,0.0
642117,COLLECT_217,"[[""Weight Limit"", 50]]",可以收集道具的圖鑑。點擊滑鼠右鍵即可登錄。,icon_item_box,,,"[643503, 643503, 643503, 643503, 643503, 643503, 643503, 643503, 643503]",,,,,,圖鑑：巴利烏斯的永眠地,1,0.0,0.0,FFFF,4,0.0
642118,COLLECT_218,"[[""Maximum HP"", 45]]",可以收集道具的圖鑑。點擊滑鼠右鍵即可登錄。,icon_item_box,,,"[628054, 645118, 645120, 645122, 645269, 645124, 645565]",,,,,,圖鑑：蓮帕拉沙池塘,1,0.0,0.0,FFFF,4,0.0
642119,COLLECT_219,"[[""Magic Attack"", 4]]",可以收集道具的圖鑑。點擊滑鼠右鍵即可登錄。,icon_item_box,,,"[645126, 581122, 645117, 645125, 271110]",,,,,,圖鑑：加橋森林,1,0.0,0.0,FFFF,4,0.0
642120,COLLECT_220,"[[""Defense"", 6]]",可以收集道具的圖鑑。點擊滑鼠右鍵即可登錄。,icon_item_box,,,"[640072, 645024, 531103, 161118, 645117]",,,,,,圖鑑：帕歐皮斯渡口,1,0.0,0.0,FFFF,4,0.0
642121,COLLECT_221,"[[""Stamina"", 1]]",可以收集道具的圖鑑。點擊滑鼠右鍵即可登錄。,icon_item_box,,,"[645708, 645132, 221102, 501104, 181114]",,,,,,圖鑑：亞夏克地牢1層,1,0.0,0.0,FFFF,4,0.0
642122,COLLECT_222,"[[""Physical Attack"", 4]]",可以收集道具的圖鑑。點擊滑鼠右鍵即可登錄。,icon_item_box,,,"[645235, 645286, 161120, 101120, 601124]",,,,,,圖鑑：亞夏克地牢2層,1,0.0,0.0,FFFF,4,0.0
642123,COLLECT_223,"[[""Maximum SP"", 30]]",可以收集道具的圖鑑。點擊滑鼠右鍵即可登錄。,icon_item_box,,,"[645178, 645410, 141120, 581124, 645473]",,,,,,圖鑑：亞夏克地牢3層,1,0.0,0.0,FFFF,4,0.0
642124,COLLECT_224,"[[""Maximum SP"", 20]]",可以收集道具的圖鑑。點擊滑鼠右鍵即可登錄。,icon_item_box,,,"[645736, 645737, 645129, 645738, 511105, 501105]",,,,,,圖鑑：庫魯森林,1,0.0,0.0,FFFF,4,0.0
642125,COLLECT_225,"[[""SP Recovery"", 3]]",可以收集道具的圖鑑。點擊滑鼠右鍵即可登錄。,icon_item_box,,,"[645739, 645740, 640131, 581125]",,,,,,圖鑑：克尼多斯森林,1,0.0,0.0,FFFF,4,0.0
642126,COLLECT_226,"[[""Magic Attack"", 4]]",可以收集道具的圖鑑。點擊滑鼠右鍵即可登錄。,icon_item_box,,,"[645352, 501106, 645741, 645742, 501127]",,,,,,圖鑑：達旦森林,1,0.0,0.0,FFFF,4,0.0
642127,COLLECT_227,"[[""Physical Attack"", 6]]",可以收集道具的圖鑑。點擊滑鼠右鍵即可登錄。,icon_item_box,,,"[201106, 141106, 645142, 645453, 101106, 649007, 645618, 628051]",,,,,,圖鑑：內貝爾雷礦山1層,1,0.0,0.0,FFFF,4,0.0
642128,COLLECT_228,"[[""HP Recovery"", 15]]",可以收集道具的圖鑑。點擊滑鼠右鍵即可登錄。,icon_item_box,,,"[645333, 645334, 601126, 161106, 511106, 271104, 531127, 645743, 645618]",,,,,,圖鑑：內貝爾雷礦山2層,1,0.0,0.0,FFFF,4,0.0
642129,COLLECT_229,"[[""Defense"", 9]]",可以收集道具的圖鑑。點擊滑鼠右鍵即可登錄。,icon_item_box,,,"[221104, 645413, 645430, 640040, 645428, 581126]",,,,,,圖鑑：諾巴哈公會所,1,0.0,0.0,FFFF,4,0.0
642130,COLLECT_230,"[[""Magic Defense"", 9]]",可以收集道具的圖鑑。點擊滑鼠右鍵即可登錄。,icon_item_box,,,"[101107, 161107, 121105, 645614, 640025]",,,,,,圖鑑：諾巴哈別館,1,0.0,0.0,FFFF,4,0.0
642131,COLLECT_231,"[[""Maximum HP"", 105]]",可以收集道具的圖鑑。點擊滑鼠右鍵即可登錄。,icon_item_box,,,"[601127, 521111, 531111, 521112, 645297, 531112]",,,,,,圖鑑：諾巴哈本院,1,0.0,0.0,FFFF,4,0.0
642132,COLLECT_232,"[[""HP Recovery"", 10]]",可以收集道具的圖鑑。點擊滑鼠右鍵即可登錄。,icon_item_box,,,"[501107, 511107, 581127, 201108, 521107, 531107, 181106]",,,,,,圖鑑：卡羅利斯泉水,1,0.0,0.0,FFFF,4,0.0
642133,COLLECT_233,"[[""HP Recovery"", 10]]",可以收集道具的圖鑑。點擊滑鼠右鍵即可登錄。,icon_item_box,,,"[645346, 141108, 645347, 121106, 161108, 601129]",,,,,,圖鑑：萊塔斯小溪邊,1,0.0,0.0,FFFF,4,0.0
642134,COLLECT_234,"[[""Magic Attack"", 6]]",可以收集道具的圖鑑。點擊滑鼠右鍵即可登錄。,icon_item_box,,,"[645164, 31006, 271106, 30031]",,,,,,圖鑑：培爾克神殿,1,0.0,0.0,FFFF,4,0.0
642135,COLLECT_235,"[[""Accuracy"", 1]]",可以收集道具的圖鑑。點擊滑鼠右鍵即可登錄。,icon_item_box,,,"[15008, 30032, 16006, 17004]",,,,,,圖鑑：安森塔水源地,1,0.0,0.0,FFFF,4,0.0
642136,COLLECT_236,"[[""Evasion"", 2]]",可以收集道具的圖鑑。點擊滑鼠右鍵即可登錄。,icon_item_box,,,"[643501, 643501, 643501, 643501, 643501, 643501, 643501, 643501, 643501]",,,,,,圖鑑：希艾那卡爾墓園,1,0.0,0.0,FFFF,4,0.0
642137,COLLECT_237,"[[""Critical Rate"", 2]]",可以收集道具的圖鑑。點擊滑鼠右鍵即可登錄。,icon_item_box,,,"[14006, 12007, 30040, 501113, 643502]",,,,,,圖鑑：卡爾拉日的靈廟,1,0.0,0.0,FFFF,4,0.0
642138,COLLECT_238,"[[""Critical Attack"", 6]]",可以收集道具的圖鑑。點擊滑鼠右鍵即可登錄。,icon_item_box,,,"[645744, 581128, 501114, 241105, 221107]",,,,,,圖鑑：德慕爾佃農村,1,0.0,0.0,FFFF,4,0.0
642139,COLLECT_239,"[[""Critical Defense"", 2]]",可以收集道具的圖鑑。點擊滑鼠右鍵即可登錄。,icon_item_box,,,"[645744, 645744, 581129, 161110, 521113, 521114]",,,,,,圖鑑：德慕爾莊園,1,0.0,0.0,FFFF,4,0.0
642140,COLLECT_240,"[[""Critical Magic Attack"", 8]]",可以收集道具的圖鑑。點擊滑鼠右鍵即可登錄。,icon_item_box,,,"[645744, 645744, 645744, 251101, 531114, 531113, 645341]",,,,,,圖鑑：德慕爾外城,1,0.0,0.0,FFFF,4,0.0
642141,COLLECT_241,"[[""Critical Rate"", 2]]",可以收集道具的圖鑑。點擊滑鼠右鍵即可登錄。,icon_item_box,,,"[645481, 645193, 121108, 645213, 201110]",,,,,,圖鑑：佩雷突利丘陵,1,0.0,0.0,FFFF,4,0.0
642142,COLLECT_242,"[[""Critical Magic Attack"", 6]]",可以收集道具的圖鑑。點擊滑鼠右鍵即可登錄。,icon_item_box,,,"[181108, 33017, 162106, 271108]",,,,,,圖鑑：摩奇亞森林,1,0.0,0.0,FFFF,4,0.0
642143,COLLECT_243,"[[""Defense"", 12]]",可以收集道具的圖鑑。點擊滑鼠右鍵即可登錄。,icon_item_box,,,"[645287, 645288, 645462, 17006]",,,,,,圖鑑：蘇塔提斯貿易路,1,0.0,0.0,FFFF,4,0.0
642144,COLLECT_244,"[[""SP Recovery"", 3]]",可以收集道具的圖鑑。點擊滑鼠右鍵即可登錄。,icon_item_box,,,"[501115, 643501, 16008, 601130]",,,,,,圖鑑：托培斯碉堡1層,1,0.0,0.0,FFFF,4,0.0
642145,COLLECT_245,"[[""Evasion"", 2]]",可以收集道具的圖鑑。點擊滑鼠右鍵即可登錄。,icon_item_box,,,"[13009, 18002, 511115, 581130, 643503, 643504]",,,,,,圖鑑：托培斯碉堡2層,1,0.0,0.0,FFFF,4,0.0
642146,COLLECT_246,"[[""Maximum SP"", 18]]",可以收集道具的圖鑑。點擊滑鼠右鍵即可登錄。,icon_item_box,,,"[645746, 645746, 645746, 645746, 645746, 645746, 645746, 645746, 645746]",,,,,,圖鑑：貝拉伊森林,1,0.0,0.0,FFFF,4,0.0
642147,COLLECT_247,"[[""SP Recovery"", 3]]",可以收集道具的圖鑑。點擊滑鼠右鍵即可登錄。,icon_item_box,,,"[34043, 645746, 34043]",,,,,,圖鑑：潔拉哈,1,0.0,0.0,FFFF,4,0.0
642148,COLLECT_248,"[[""Maximum HP"", 70]]",可以收集道具的圖鑑。點擊滑鼠右鍵即可登錄。,icon_item_box,,,"[645181, 645746, 521121, 531121]",,,,,,圖鑑：世伊魯森林,1,0.0,0.0,FFFF,4,0.0
642149,COLLECT_249,"[[""Accuracy"", 3]]",可以收集道具的圖鑑。點擊滑鼠右鍵即可登錄。,icon_item_box,,,"[645173, 645420, 15046, 628061, 645745, 645175, 645421]",,,,,,圖鑑：卡魯艾平野,1,0.0,0.0,FFFF,4,0.0
642150,COLLECT_250,"[[""Magic Defense"", 9]]",可以收集道具的圖鑑。點擊滑鼠右鍵即可登錄。,icon_item_box,,,"[645192, 11046, 501122, 645465, 645464]",,,,,,圖鑑：帕薩卡峽谷,1,0.0,0.0,FFFF,4,0.0
642151,COLLECT_251,"[[""Physical Attack"", 6]]",可以收集道具的圖鑑。點擊滑鼠右鍵即可登錄。,icon_item_box,,,"[649209, 645583, 16052, 645190, 645160, 17033]",,,,,,圖鑑：瑪那哈斯,1,0.0,0.0,FFFF,4,0.0
642152,COLLECT_252,"[[""Critical Attack"", 4]]",可以收集道具的圖鑑。點擊滑鼠右鍵即可登錄。,icon_item_box,,,"[645220, 33050, 640038, 645225]",,,,,,圖鑑：凱那魯平原,1,0.0,0.0,FFFF,4,0.0
642153,COLLECT_253,"[[""Critical Defense"", 2]]",可以收集道具的圖鑑。點擊滑鼠右鍵即可登錄。,icon_item_box,,,"[521122, 643503, 645216, 645381, 645233, 645447]",,,,,,圖鑑：西卡里歐斯1層,1,0.0,0.0,FFFF,4,0.0
642154,COLLECT_254,"[[""Magic Defense"", 9]]",可以收集道具的圖鑑。點擊滑鼠右鍵即可登錄。,icon_item_box,,,"[645204, 645460, 628036, 645216, 645381]",,,,,,圖鑑：西卡里歐斯2層,1,0.0,0.0,FFFF,4,0.0
642155,COLLECT_255,"[[""Team Storage Slots"", 2]]",可以收集道具的圖鑑。點擊滑鼠右鍵即可登錄。,icon_item_box,,,"[10012, 10013, 10029]",,,,,,圖鑑：偃月刀是甚麼,1,0.0,0.0,FFFF,4,0.0
642156,COLLECT_256,"[[""Team Storage Slots"", 2]]",可以收集道具的圖鑑。點擊滑鼠右鍵即可登錄。,icon_item_box,,,"[30033, 30034, 30035, 30036]",,,,,,圖鑑：厭惡昆蟲,1,0.0,0.0,FFFF,4,0.0
642157,COLLECT_257,"[[""Team Storage Slots"", 2]]",可以收集道具的圖鑑。點擊滑鼠右鍵即可登錄。,icon_item_box,,,"[30029, 30030, 30031, 30032]",,,,,,圖鑑：異國戀情,1,0.0,0.0,FFFF,4,0.0
642158,COLLECT_258,"[[""Team Storage Slots"", 3]]",可以收集道具的圖鑑。點擊滑鼠右鍵即可登錄。,icon_item_box,,,"[10006, 11006, 12007, 13007, 14006, 15008, 16006, 17004, 18002]",,,,,,圖鑑：新手武器,1,0.0,0.0,FFFF,4,0.0
642159,COLLECT_259,"[[""Team Storage Slots"", 2]]",可以收集道具的圖鑑。點擊滑鼠右鍵即可登錄。,icon_item_box,,,"[30062, 30063, 30064]",,,,,,圖鑑：新手防具,1,0.0,0.0,FFFF,4,0.0
642161,COLLECT_261,"[[""Physical Attack"", 6]]",可以收集道具的圖鑑。點擊滑鼠右鍵即可登錄。,icon_item_box,,,"[201135, 181129, 581142, 645442, 645614]",,,,,,圖鑑：沿岸要塞,1,0.0,0.0,FFFF,4,0.0
642162,COLLECT_262,"[[""Magic Attack"", 6]]",可以收集道具的圖鑑。點擊滑鼠右鍵即可登錄。,icon_item_box,,,"[521152, 311104, 121128, 645442, 645642]",,,,,,圖鑑：丁古帕斯,1,0.0,0.0,FFFF,4,0.0
642163,COLLECT_263,"[[""Defense"", 9]]",可以收集道具的圖鑑。點擊滑鼠右鍵即可登錄。,icon_item_box,,,"[645649, 30336, 12057, 645392, 17039, 645218]",,,,,,圖鑑：貝達高原,1,0.0,0.0,FFFF,4,0.0
642164,COLLECT_264,"[[""Maximum HP"", 186]]",可以收集道具的圖鑑。點擊滑鼠右鍵即可登錄。,icon_item_box,,,"[30493, 645392, 645649, 680408, 680407, 680406]",,,,,,圖鑑：梅沙帕瑟拉,1,0.0,0.0,FFFF,4,0.0
642165,COLLECT_265,"[[""Magic Defense"", 12]]",可以收集道具的圖鑑。點擊滑鼠右鍵即可登錄。,icon_item_box,,,"[142133, 272133, 645650, 321001, 511155]",,,,,,圖鑑：史圖卡斯高原,1,0.0,0.0,FFFF,4,0.0
642166,COLLECT_266,"[[""Magic Attack"", 8]]",可以收集道具的圖鑑。點擊滑鼠右鍵即可登錄。,icon_item_box,,,"[645654, 301105, 645654, 521155, 645654, 141138]",,,,,,圖鑑：那哈斯森林,1,0.0,0.0,FFFF,4,0.0
642167,COLLECT_267,"[[""HP Recovery"", 16]]",可以收集道具的圖鑑。點擊滑鼠右鍵即可登錄。,icon_item_box,,,"[645656, 161138, 531155, 645656, 311105, 645721, 645722, 201137]",,,,,,圖鑑：貝拉沿岸,1,0.0,0.0,FFFF,4,0.0
642168,COLLECT_268,"[[""SP Recovery"", 3]]",可以收集道具的圖鑑。點擊滑鼠右鍵即可登錄。,icon_item_box,,,"[645659, 271130, 645657, 645658, 15082, 101138]",,,,,,圖鑑：艾爾高斯修道院別館,1,0.0,0.0,FFFF,4,0.0
642169,COLLECT_269,"[[""Critical Magic Attack"", 14]]",可以收集道具的圖鑑。點擊滑鼠右鍵即可登錄。,icon_item_box,,,"[645579, 645601, 321008, 645657, 645658, 645661, 581143, 645660, 251112]",,,,,,圖鑑：艾爾高斯修道院本院,1,0.0,0.0,FFFF,4,0.0
642170,COLLECT_270,"[[""Physical Attack"", 6]]",可以收集道具的圖鑑。點擊滑鼠右鍵即可登錄。,icon_item_box,,,"[111008, 645651, 521154, 645652, 221120, 645653]",,,,,,圖鑑：阿勒篾森林,1,0.0,0.0,FFFF,4,0.0
642171,COLLECT_271,"[[""Maximum SP"", 18]]",可以收集道具的圖鑑。點擊滑鼠右鍵即可登錄。,icon_item_box,,,"[645715, 645720, 645716, 645717]",,,,,,圖鑑：巴勒哈森林,1,0.0,0.0,FFFF,4,0.0
642172,COLLECT_272,"[[""Maximum HP"", 125]]",可以收集道具的圖鑑。點擊滑鼠右鍵即可登錄。,icon_item_box,,,"[241120, 645730, 121130, 332001, 645670]",,,,,,圖鑑：克蘭托沿岸,1,0.0,0.0,FFFF,4,0.0
642173,COLLECT_273,"[[""Magic Defense"", 21]]",可以收集道具的圖鑑。點擊滑鼠右鍵即可登錄。,icon_item_box,,,"[645671, 252125, 645672, 321009]",,,,,,圖鑑：伊基提沿岸,1,0.0,0.0,FFFF,4,0.0
642174,COLLECT_274,"[[""Maximum SP"", 44]]",可以收集道具的圖鑑。點擊滑鼠右鍵即可登錄。,icon_item_box,,,"[640131, 645670, 645673, 111009, 645723, 501157, 511157, 321007, 645723]",,,,,,圖鑑：伊布雷高原,1,0.0,0.0,FFFF,4,0.0
642175,COLLECT_275,"[[""Defense"", 18]]",可以收集道具的圖鑑。點擊滑鼠右鍵即可登錄。,icon_item_box,,,"[645723, 645673, 645674, 301106, 531157, 321005, 645675, 645676]",,,,,,圖鑑：瑪當高原,1,0.0,0.0,FFFF,4,0.0
642176,COLLECT_276,"[[""HP Recovery"", 15]]",可以收集道具的圖鑑。點擊滑鼠右鍵即可登錄。,icon_item_box,,,"[645679, 645678, 645673, 601139, 645677]",,,,,,圖鑑：史班堤瑪斯遺址,1,0.0,0.0,FFFF,4,0.0
642177,COLLECT_277,"[[""SP Recovery"", 3]]",可以收集道具的圖鑑。點擊滑鼠右鍵即可登錄。,icon_item_box,,,"[645723, 645681, 645676, 161139, 645680, 331002]",,,,,,圖鑑：卡杜梅爾絕壁,1,0.0,0.0,FFFF,4,0.0
642178,COLLECT_278,"[[""Accuracy"", 1]]",可以收集道具的圖鑑。點擊滑鼠右鍵即可登錄。,icon_item_box,,,"[645647, 645682, 645683, 645684, 645685, 645686, 645677]",,,,,,圖鑑：鋼鐵高原,1,0.0,0.0,FFFF,4,0.0
642179,COLLECT_279,"[[""Evasion"", 1]]",可以收集道具的圖鑑。點擊滑鼠右鍵即可登錄。,icon_item_box,,,"[645580, 645687, 645688, 645655, 645580, 645642]",,,,,,圖鑑：克里那斯林間小路,1,0.0,0.0,FFFF,4,0.0
642180,COLLECT_280,"[[""Critical Rate"", 1]]",可以收集道具的圖鑑。點擊滑鼠右鍵即可登錄。,icon_item_box,,,"[645691, 645690, 521158, 645689, 511158]",,,,,,圖鑑：克里那斯修練場,1,0.0,0.0,FFFF,4,0.0
642181,COLLECT_281,"[[""Critical Attack"", 8]]",可以收集道具的圖鑑。點擊滑鼠右鍵即可登錄。,icon_item_box,,,"[645344, 645710, 645693, 645423, 645692, 181132, 271131, 241121, 201138]",,,,,,圖鑑：克里那斯丘陵地,1,0.0,0.0,FFFF,4,0.0
642182,COLLECT_282,"[[""Physical Attack"", 12]]",可以收集道具的圖鑑。點擊滑鼠右鍵即可登錄。,icon_item_box,,,"[645928, 645929, 645930, 645931]",,,,,,圖鑑：娜圖森林,1,0.0,0.0,FFFF,4,0.0
642183,COLLECT_283,"[[""Magic Attack"", 18]]",可以收集道具的圖鑑。點擊滑鼠右鍵即可登錄。,icon_item_box,,,"[645932, 645933, 645934, 645935, 645936]",,,,,,圖鑑：史巴賓嘉斯森林,1,0.0,0.0,FFFF,4,0.0
642184,COLLECT_284,"[[""Defense"", 24]]",可以收集道具的圖鑑。點擊滑鼠右鍵即可登錄。,icon_item_box,,,"[645937, 645938, 645939, 645857]",,,,,,圖鑑：娜塔勒森林,1,0.0,0.0,FFFF,4,0.0
642185,COLLECT_285,"[[""Maximum HP"", 225]]",可以收集道具的圖鑑。點擊滑鼠右鍵即可登錄。,icon_item_box,,,"[645940, 645941, 645942, 645943, 645863, 645864, 645865, 645866]",,,,,,圖鑑：緹玫勒斯寺院,1,0.0,0.0,FFFF,4,0.0
642186,COLLECT_286,"[[""Magic Defense"", 18]]",可以收集道具的圖鑑。點擊滑鼠右鍵即可登錄。,icon_item_box,,,"[645944, 645945, 645845, 645846]",,,,,,圖鑑：泰芙林 鐘乳洞 1區域,1,0.0,0.0,FFFF,4,0.0
642187,COLLECT_287,"[[""Magic Attack"", 12]]",可以收集道具的圖鑑。點擊滑鼠右鍵即可登錄。,icon_item_box,,,"[645946, 645947, 645948, 645869, 645872]",,,,,,圖鑑：泰芙林 鐘乳洞 2區域,1,0.0,0.0,FFFF,4,0.0
642188,COLLECT_288,"[[""HP Recovery"", 5]]",可以收集道具的圖鑑。點擊滑鼠右鍵即可登錄。,icon_item_box,,,"[645848, 645870, 645837, 645847]",,,,,,圖鑑：泰芙林 鐘乳洞 3區域,1,0.0,0.0,FFFF,4,0.0
642189,COLLECT_289,"[[""SP Recovery"", 6]]",可以收集道具的圖鑑。點擊滑鼠右鍵即可登錄。,icon_item_box,,,"[645871, 645957, 645854, 645955, 645956, 645915, 645953, 645954]",,,,,,圖鑑：泰芙林 鐘乳洞 4區域,1,0.0,0.0,FFFF,4,0.0
642190,COLLECT_290,"[[""Critical Magic Attack"", 18]]",可以收集道具的圖鑑。點擊滑鼠右鍵即可登錄。,icon_item_box,,,"[645879, 645960, 645827, 645961, 645962, 645846, 645959, 645855, 645958]",,,,,,圖鑑：泰芙林 鐘乳洞 5區域,1,0.0,0.0,FFFF,4,0.0
642191,COLLECT_291,"[[""Physical Attack"", 18]]",可以收集道具的圖鑑。點擊滑鼠右鍵即可登錄。,icon_item_box,,,"[645966, 645965, 645831, 645963, 645964, 645981, 645982]",,,,,,圖鑑：中心城壁 第 8區域,1,0.0,0.0,FFFF,4,0.0
642192,COLLECT_292,"[[""Maximum SP"", 38]]",可以收集道具的圖鑑。點擊滑鼠右鍵即可登錄。,icon_item_box,,,"[645884, 645967, 645885, 645968, 645969]",,,,,,圖鑑：杰洛梅爾公園,1,0.0,0.0,FFFF,4,0.0
642193,COLLECT_293,"[[""Maximum HP"", 225]]",可以收集道具的圖鑑。點擊滑鼠右鍵即可登錄。,icon_item_box,,,"[645892, 645974, 645886, 645973, 645828, 645972, 645832, 645970, 645971]",,,,,,圖鑑：尤那耶爾紀念區,1,0.0,0.0,FFFF,4,0.0
642194,COLLECT_294,"[[""Magic Defense"", 27]]",可以收集道具的圖鑑。點擊滑鼠右鍵即可登錄。,icon_item_box,,,"[645862, 645977, 645978, 645975, 645976]",,,,,,圖鑑：坦尼爾1世紀念區,1,0.0,0.0,FFFF,4,0.0
642195,COLLECT_295,"[[""Maximum SP"", 49]]",可以收集道具的圖鑑。點擊滑鼠右鍵即可登錄。,icon_item_box,,,"[645980, 645838, 645979, 645990, 645991]",,,,,,圖鑑：庫萊嶺,1,0.0,0.0,FFFF,4,0.0
642196,COLLECT_296,"[[""Defense"", 27]]",可以收集道具的圖鑑。點擊滑鼠右鍵即可登錄。,icon_item_box,,,"[645839, 645983, 645840, 645984, 645985, 645856, 645986]",,,,,,圖鑑：艾勒克斯森林,1,0.0,0.0,FFFF,4,0.0
642197,COLLECT_297,"[[""HP Recovery"", 17]]",可以收集道具的圖鑑。點擊滑鼠右鍵即可登錄。,icon_item_box,,,"[645860, 645987, 645851, 645861, 645988, 645989]",,,,,,圖鑑：帕瑪勒森林,1,0.0,0.0,FFFF,4,0.0
642198,COLLECT_298,"[[""SP Recovery"", 6]]",可以收集道具的圖鑑。點擊滑鼠右鍵即可登錄。,icon_item_box,,,"[645906, 645992, 645873, 645994, 645993, 645905, 645995, 645996]",,,,,,圖鑑：集布理納斯森林,1,0.0,0.0,FFFF,4,0.0
642199,COLLECT_299,"[[""Accuracy"", 2]]",可以收集道具的圖鑑。點擊滑鼠右鍵即可登錄。,icon_item_box,,,"[645908, 645997, 645998, 645909, 645999, 645911, 646000, 646001]",,,,,,圖鑑：莫羅凱歐森林,1,0.0,0.0,FFFF,4,0.0
642200,COLLECT_300,"[[""Evasion"", 2]]",可以收集道具的圖鑑。點擊滑鼠右鍵即可登錄。,icon_item_box,,,"[645843, 646002, 646003, 645850, 646005, 646004, 645835, 646006]",,,,,,圖鑑：地瑪蘇高特,1,0.0,0.0,FFFF,4,0.0
642201,COLLECT_301,"[[""Critical Rate"", 2]]",可以收集道具的圖鑑。點擊滑鼠右鍵即可登錄。,icon_item_box,,,"[645858, 646011, 646012, 646008, 646009, 646010]",,,,,,圖鑑：愛梅特森林,1,0.0,0.0,FFFF,4,0.0
642202,COLLECT_302,"[[""Critical Attack"", 18]]",可以收集道具的圖鑑。點擊滑鼠右鍵即可登錄。,icon_item_box,,,"[645902, 646018, 646017, 645834, 646015, 646016, 645833, 646013, 646014]",,,,,,圖鑑：皮斯堤斯森林,1,0.0,0.0,FFFF,4,0.0
642203,COLLECT_303,"[[""Critical Attack"", 18]]",可以收集道具的圖鑑。點擊滑鼠右鍵即可登錄。,icon_item_box,,,"[645858, 646019, 646020, 646023, 646021, 646022]",,,,,,圖鑑：希拉森林,1,0.0,0.0,FFFF,4,0.0
642204,COLLECT_304,"[[""Critical Defense"", 2]]",可以收集道具的圖鑑。點擊滑鼠右鍵即可登錄。,icon_item_box,,,"[646029, 645849, 646027, 646028, 646026, 645917, 646024, 646025]",,,,,,圖鑑：阿爾蘭必洞窟,1,0.0,0.0,FFFF,4,0.0
642205,COLLECT_305,"[[""Stamina"", 1]]",可以收集道具的圖鑑。點擊滑鼠右鍵即可登錄。,icon_item_box,,,"[645867, 646034, 646032, 646030, 646031, 646033]",,,,,,圖鑑：諾貝禮爾森林,1,0.0,0.0,FFFF,4,0.0
642206,COLLECT_306,"[[""HP Recovery"", 22]]",可以收集道具的圖鑑。點擊滑鼠右鍵即可登錄。,icon_item_box,,,"[645842, 646038, 646039, 645852, 646037, 645841, 646035, 646036]",,,,,,圖鑑：尤德伊安森林,1,0.0,0.0,FFFF,4,0.0
642207,COLLECT_307,"[[""Dark Property Resistance"", 6], [""Holy Property Resistance"", 6], [""INT"", 2]]",可以收集道具的圖鑑。點擊滑鼠右鍵即可登錄。,icon_item_box,,,"[661200, 661201, 661202]",,,,,,圖鑑：女神和魔族的誓約,1,0.0,0.0,FFFF,4,0.0
642208,COLLECT_308,"[[""Earth Property Resistance"", 5], [""STR"", 5]]",可以收集道具的圖鑑。點擊滑鼠右鍵即可登錄。,icon_item_box,,,"[661203, 661205, 661204]",,,,,,圖鑑：佩斯雷達斯,1,0.0,0.0,FFFF,4,0.0
642209,COLLECT_309,"[[""STR"", 2], [""CON"", 2], [""Maximum HP"", 80]]",可以收集道具的圖鑑。點擊滑鼠右鍵即可登錄。,icon_item_box,,,"[646053, 646054, 646055, 646057, 646058, 646059]",,,,,,圖鑑：海岸地區,1,0.0,0.0,FFFF,4,0.0
642210,COLLECT_310,"[[""INT"", 2], [""SPR"", 2], [""Maximum SP"", 8]]",可以收集道具的圖鑑。點擊滑鼠右鍵即可登錄。,icon_item_box,,,"[350000, 646056, 350001, 350002, 350003, 646063]",,,,,,圖鑑：幻想圖書館地區,1,0.0,0.0,FFFF,4,0.0
642211,COLLECT_311,"[[""Physical Attack"", 6], [""Defense"", 9], [""HP Recovery"", 6]]",可以收集道具的圖鑑。點擊滑鼠右鍵即可登錄。,icon_item_box,,,"[646060, 646061, 646062]",,,,,,圖鑑：那魯巴斯寺院地區,1,0.0,0.0,FFFF,4,0.0
642212,COLLECT_312,"[[""Magic Attack"", 6], [""Magic Defense"", 9], [""SP Recovery"", 1]]",可以收集道具的圖鑑。點擊滑鼠右鍵即可登錄。,icon_item_box,,,"[350004, 350005, 350006, 350007, 350008, 350009]",,,,,,圖鑑：藍扣水域,1,0.0,0.0,FFFF,4,0.0
642213,COLLECT_313,,可以收集道具的圖鑑。點擊滑鼠右鍵即可登錄。,icon_item_box,,,"[300000, 300001, 300002, 300003, 300004, 300005, 300006]",,,,,,圖鑑：賢者大師的書籤,1,0.0,0.0,FFFF,4,0.0
642214,COLLECT_314,,可以收集道具的圖鑑。點擊滑鼠右鍵即可登錄。,icon_item_box,,,"[300007, 300008, 300009, 300010, 300011, 300012, 300013, 300014]",,,,,,圖鑑：探險中的發現,1,0.0,0.0,FFFF,4,0.0
642215,COLLECT_315,,可以收集道具的圖鑑。點擊滑鼠右鍵即可登錄。,icon_item_box,,,"[300015, 300016, 300017, 300018, 300019, 300020, 300021]",,,,,,圖鑑：奶茶的禮物,1,0.0,0.0,FFFF,4,0.0
