$ID,$ID_NAME,Description,Icon,Name,Type
11282,mon_paladin_follower1_2,몬스터,icon_item_nothing,팔라딘 추종자A2,2
11283,mon_paladin_follower1_3,몬스터,icon_item_nothing,팔라딘 추종자A3,2
12080,HiddenTrigge_DMINE8_QUEST04,몬스터,icon_item_nothing,히든 트리거 몬스터형,2
12081,f_katyn_owl01,몬스터,icon_item_nothing,부엉이 조각상,2
20011,soldier1,,,보급병,2
20012,soldier2,,,동쪽 숲 정찰병,2
20013,soldier3,,,보급 담당관,2
20014,soldier4,,,경계 조장,2
20015,soldier5,,,감시병,2
20016,soldier6,,,서쪽 숲 정찰병,2
20017,matron_f,,,마을 여자,2
20018,intermediate_officer_f,,,여자 장교,2
20019,soldier7,,,서쪽 숲 정찰병,2
20020,soldier6_KNOCKDOWN,,,쓰러진 병사,2
20021,wizardmaster,,minimap_man_wizard,위저드 마스터,2
20022,archermaster,,minimap_man_archer,아처 마스터,2
20023,swordmaster,,minimap_man_master,소드맨 마스터,2
20024,Hiddennpc_move,,,,2
20025,Hiddennpc,,,,2
20026,HiddenTrigger6,,,,2
20027,pyromancer,,minimap_man_wizard,파이로맨서 마스터,2
20028,peltasta,,minimap_man_master,펠타스타 마스터,2
20029,highlander,,minimap_man_master,하이랜더 마스터,2
20030,Hiddennpc_Godness,,minimap_goddess,여신상,2
20031,Emilia,,,잡화 상인 에밀리아,2
20032,SCO_M,,,남십자 기사단 장교남,2
20033,SCO_M_Move,,,남십자 기사단 장교,2
20035,HiddenTrigger_AlwaysTitle,,minimap_goddess,,2
20036,magicsquare_1_mini_AlwaysTitle,,,마법진,2
20040,HiddenTrigger,,,,2
20041,HiddenTrigger2,,,,2
20042,HiddenTrigger3,,,,2
20043,SCS_M1,,,경비병,2
20044,HiddenWall_100_200_500,,,,2
20045,HiddenWall_10_100_500,,,,2
20046,HiddenWall_40_50_100,,,,2
20047,HiddenWall_30_30_30,,,,2
20048,HiddenWall_2_20_40,,,,2
20049,HiddenWall_10_200_500,,,,2
20050,WarpSpot,,minimap_portal,WarpSpot,2
20051,HealSpot,,,,2
20052,WarpSpot_2,,minimap_portal,WarpSpot,2
20053,HiddenWall_200_200_500,,,,2
20054,HiddenWall_150_150_150,,,,2
20055,npc_alf,,minimap_man_shop,오르샤 잡화 상인 알프,2
20056,npc_julla,,minimap_man_armor,장비 상인 율라,2
20057,npc_yurrs,,minimap_man_ace,악세서리 상인 유르스,2
20058,npc_toras,,minimap_man_companion,컴패니언 상인 토라스,2
20059,orsha_soldier_f,,,오르샤 병사 여,2
20060,orsha_soldier_m,,,오르샤 병사 남,2
20061,orsha_f_1,,,오르샤 주민 여1,2
20062,orsha_f_2,,,오르샤 주민 여2,2
20063,orsha_m_1,,,오르샤 주민 남1,2
20064,orsha_m_2,,,오르샤 주민 남2,2
20065,Inesa_Hamondail,,,이네사 해먼데일,2
20066,npc_illanai,,minimap_man_smith,대장장이 일라나이,2
20067,npc_aisah,,minimap_werehouse,창고지기 아이사,2
20068,npc_letizia,,minimap_man_tpshop,TP상인 레티샤,2
20070,SkillTrigger1,,,,2
20071,SkillTrigger2,,,,2
20079,Raima,,,여신 라이마,2
20080,HiddenObbBox1,,,,2
20081,HiddenObbBox_photowall_marine1,,,,2
20082,HiddenObbBox_photowall_marine2,,,,2
20083,HiddenObbBox_Photowall_Chess1,,,,2
20084,HiddenObbBox_Photowall_Chess2,,,,2
20085,HiddenObbBox_Photowall_Chess3,,,,2
20086,HiddenObbBox_Photowall_Chess4,,,,2
20087,HiddenObbBox_photowall_chef1,,,,2
20088,HiddenObbBox_photowall_chef2,,,,2
20100,npc_combat_transport_section_2_sit,,,상인2 앉기,2
20101,HiddenTrigger5,,,　,2
20102,npc_combat_transport_section_1,,,상인1,2
20103,npc_combat_transport_section_2,,,상인2,2
20104,npc_accessary_merchant,,minimap_man_ace,악세서리 상인,2
20105,npc_blacksmith,,minimap_man_smith,대장장이,2
20106,npc_intermediate_officer_female,,,중급 관리 장교녀,2
20107,npc_intermediate_officer_men,,,중급 관리 장교남,2
20108,npc_low_lev_officer_m,,,하급 관리 장교,2
20109,npc_miner,,,베테랑 광부,2
20110,npc_mining_alchemist,,minimap_man_wizard,광산 마을 연금술사,2
20111,npc_equipment_dealers,,minimap_man_armor,장비상인,2
20112,npc_healer,,minimap_man_cleric,클레릭 마스터,2
20113,npc_knight,,,우스카,2
20114,npc_matron,,,중년 부인,2
20115,npc_tool_merchants,,minimap_man_shop,잡화 상인,2
20116,npc_village_matron,,,마을 중년부인,2
20117,npc_village_uncle_1,,,마을 아저씨1,2
20118,npc_village_uncle_2,,,마을 아저씨2,2
20119,npc_liaison_officer_m_1,,,연락관(데이터 교체 필요),2
20120,npc_chronicler_m_1,,,기록관(데이터 교체 필요),2
20121,npc_historian_m_1,,,사학자 1(데이터 교체 필요),2
20122,npc_historian_m_2,,,사학자 2(데이터 교체 필요),2
20123,npc_rexither,,,렉시퍼 인간(데이터 교체 필요),2
20124,npc_historian_f_1,,,여 사학자(데이터 교체 필요),2
20125,npc_intermediate_officer_men2,,,중급 관리 장교남2,2
20126,DummyPC,,,PC,2
20127,npc_low_lev_officer2_m,,,하급 관리 장교 2,2
20128,npc_low_lev_officer3_m,,,하급 관리 장교 3,2
20129,npc_knight2,,,바세닌,2
20135,npc_wizdom_owl,,,예지의 부엉이,2
20136,npc_bocormaster,,minimap_man_wizard,보코르 마마,2
20137,npc_cryomancer,,minimap_man_wizard,크리오맨서 마스터,2
20138,npc_village_uncle_3,,,마을 아저씨3,2
20139,npc_village_uncle_4,,,마을 아저씨4,2
20140,npc_auctioneer,,minimap_man_auction,경매인,2
20141,npc_low_lev_officer4_m,,,하급 관리 장교 4,2
20142,npc_low_lev_officer5_m,,,하급 관리 장교 5,2
20143,npc_low_lev_officer6_m,,,하급 관리 장교 6,2
20144,npc_low_lev_officer7_m,,,하급 관리 장교 7,2
20145,npc_matron2,,,중년 부인2,2
20146,npc_matron3,,,중년 부인3,2
20147,npc_matron4,,,중년 부인4,2
20148,npc_matron5,,,중년 부인5,2
20149,npc_matron6,,,중년 부인6,2
20150,npc_miner2,,,베테랑 광부2,2
20151,npc_village_uncle_5,,,마을 아저씨5,2
20152,npc_village_uncle_6,,,마을 아저씨6,2
20153,npc_village_uncle_7,,,마을 아저씨7,2
20154,npc_village_uncle_8,,,마을 아저씨8,2
20155,npc_village_uncle_9,,,마을 아저씨9,2
20156,npc_village_uncle_10,,,마을 아저씨10,2
20157,npc_village_uncle_11,,,마을 아저씨11,2
20158,npc_village_uncle_12,,,마을 아저씨12,2
20159,npc_auctionHelper,,minimap_man_auction,경매인 도우미,2
20160,soldier6_axe,,,벌목하는 병사,2
20161,npc_c_matron6,,,도시 중년 부인,2
20162,npc_c_blacksmith,,minimap_man_smith,도시 대장장이,2
20163,npc_c_equipment_dealers,,minimap_man_armor,도시 장비상인,2
20164,npc_c_tool_merchants,,,도시 잡화 상인,2
20165,npc_c_sculptor,,,도시 노인,2
20166,npc_c_tool_merchants2,,,잡화 상인1,2
20167,npc_hunter_master,,minimap_man_archer,헌터 마스터(데이터 교체 필요),2
20168,npc_cleric_f_1,,,치유사 아가씨,2
20169,npc_combat_transport_section_1_market,,minimap_man_market,마켓 관리인,2
20170,Skl_ScanTrigger,,,탐색 트리거,2
20171,npc_combat_transport_section_3_market,,minimap_man_market,마켓 관리인,2
20172,Gimmick_Dice_1,,,주사위,2
20173,Gimmick_Dice_2,,,주사위,2
20174,Gimmick_Dice_3,,,주사위,2
20175,Gimmick_Dice_4,,,주사위,2
20176,Gimmick_Dice_5,,,주사위,2
20177,Gimmick_Dice_6,,,주사위,2
20178,Gimmick_Dice_S_1,,,주사위,2
20179,Gimmick_Dice_S_2,,,주사위,2
20180,Gimmick_Dice_S_3,,,주사위,2
20181,Gimmick_Dice_S_4,,,주사위,2
20182,Gimmick_Dice_S_5,,,주사위,2
20183,Gimmick_Dice_S_6,,,주사위,2
20184,HiddenWall_Thanksgiving,,,,2
20185,HiddenWall_Thanksgiving2,,,,2
20186,HiddenWall_Thanksgiving3,,,,2
20187,musicbox_popolion,,,포포리온 워터볼 오르골,2
20188,npc_sailor_f,,minimap_event_1,장난감 상인,2
20189,npc_sailor_m,,minimap_event_1,먹거리 상인,2
40000,Obstacle_box,,,상자,2
40001,Warp_arrow,,minimap_portal,WarpSpot,2
40010,Obstacle_table,,,책상,2
40020,Obstacle_stone,,,돌,2
40021,Break_stone,,,돌굴러가유,2
40030,TreasureBox1,,,보물 상자,2
40031,HideMonBox,,,은신 몬스터의 상자,2
40032,Treasure_box_black,,,보물 상자,2
40033,Treasure_box_blue,,,보물 상자,2
40034,Treasure_box_green,,,보물 상자,2
40035,Treasure_box_yellow,,,보물 상자,2
40040,Grating,,,쇠창살,2
40041,Grating_abbeyn1,,,쇠창살,2
40042,Grating2,,,쇠창살(감옥),2
40050,Enchant_gateway,,,인챈트 레이드 입구,2
40051,Enchant_symbol,,,인챈트 상징물,2
40061,RecoveryPlace,,,회복의 성소,2
40062,SavePlace2,,,아이템 조합기,2
40064,Grill,,,그릴,2
40065,Godness,,,여신상,2
40066,Guard_fence,,,가드 펜스,2
40068,Wagon,,,마차,2
40069,block_fence,,,,2
40071,block_fence_2,,,,2
40072,block_fence_large,,,,2
40073,block_fence_sharp,,,,2
40091,lever,,,레버1,2
40092,lever_1,,,레버2,2
40093,flame_of_goddess,,,가비야의 횃불,2
40095,HiddenTrigger4,,,,2
40100,statue_raima,,minimap_goddess,여신 라이마의 상,2
40110,statue_zemina,,minimap_goddess,여신 제미나의 상,2
40120,statue_vakarine,,minimap_goddess,여신 바카리네의 상,2
40130,statue_ausrine,,minimap_goddess,여신 아우슈리네의 상,2
40141,cartdummy,,,케파더미,2
40143,flame_bgevent,,,횃불,2
40144,Treasure_bgevent,,,보물 상자,2
40205,MCy_Statue,,,여신 제미나의 상,2
41000,D_abbey_statue,,,석상,2
41010,D_abbey_trap,,,물웅덩이 함정,2
41020,D_castle_handlebar,,,핸들 바,2
41030,Trap_Spine,,,가시 함정,2
41040,D_catacomb_stonetrap1,,,낙석 함정,2
41050,D_catacomb_stonetrap2,,,낙석 함정,2
41060,D_catacomb_stonetrap3,,,낙석 함정,2
41070,D_catacomb_stonetrap4,,,낙석 함정,2
41080,D_catacomb_stonetrap5,,,낙석 함정,2
41090,Gold_Candlestick,,,금촛대,2
41091,Silver_Candlestick,,,은촛대,2
41092,mandragora1,,,만드라고라,2
41093,mandragora2,,,만드라고라,2
41094,artefact_coin,,,투호 게임용  동전,2
41095,artefact_tugeon,,,동전 투호,2
45101,NPC_Cart1,,,마차,2
45102,NPC_Blowfish1,,,개복치,2
45103,SprayDummy,,,스프레이 더미,2
45104,NPC_Cart2,,,마차,2
45311,Kepacart1,,,케파수레,2
45312,Kepacart2,,,케파수레,2
45313,Kepacart3,,,케파수레,2
45314,Golem_battlestart,,,골렘 시작지,2
45315,cart_empty,,,빈수레,2
45316,cart_spp,,,보급품 수레,2
45320,HolyArk,,,성궤,2
45321,holyark_black,,,성궤,2
45322,holyark_green,,,성궤,2
45323,holyark_white,,,성궤,2
45324,holyark_yellow,,,성궤,2
46213,Altar1,,,제단,2
46214,Altarcrystal_R1,,,붉은색 크리스탈,2
46215,Altarcrystal_O1,,,주황색 크리스탈,2
46216,Altarcrystal_Y1,,,노란색 크리스탈,2
46217,Altarcrystal_G1,,,초록색 크리스탈,2
46218,Altarcrystal_B1,,,파란색 크리스탈,2
46219,Altarcrystal_N1,,,남색 크리스탈,2
46221,Altarcrystal_P1,,,보라색 크리스탈,2
46222,Altarcrystal_Silhouette,,,실루엣 크리스탈,2
46301,test_wall1,,,벽체테스트 100,2
46302,test_wall2,,,벽체테스트 120,2
46303,test_wall3,,,벽체테스트 140,2
46304,test_wall4,,,벽체테스트 160,2
47005,accessary_f,,,악세서리 상인,2
47006,merchants_f,,,잡화 상인,2
47081,thorn_gateway_1,,,가시숲 관문 1,2
47082,thorn_gateway_2,,,가시숲 관문 2,2
47083,thorn_gateway_3,,,가시숲 관문 3,2
47084,thorn_gateway_4,,,가시숲 관문 4,2
47085,thorn_gateway_5,,,가시숲 관문 5,2
47086,thorn_gateway_6,,,가시숲 관문 6,2
47087,thorn_gateway_1_2,,,가시숲 관문 1,2
47088,thorn_gateway_2_2,,,가시숲 관문 2,2
47089,thorn_gateway_3_2,,,가시숲 관문 3,2
47090,thorn_gateway_4_2,,,가시숲 관문 4,2
47091,thorn_gateway_5_2,,,가시숲 관문 5,2
47092,thorn_gateway_6_2,,,가시숲 관문 6,2
47101,npc_rokas_1,,,왕릉 입구,2
47102,npc_rokas_2,,,협곡지대 장치 1,2
47103,npc_rokas_3,,,협곡지대 장치 2,2
47104,npc_rokas_4,,,협곡지대 장치 3,2
47105,npc_rokas_5,,,협곡지대 장치 4,2
47106,npc_rokas_6,,,협곡지대 장치 5,2
47107,npc_rokas_7,,,협곡지대 장치 6,2
47108,npc_rokas_31,,,협곡지대 장치 1,2
47109,npc_rokas_cube,,,협곡지대 장치 7,2
47110,npc_rokas_7_1,,,협곡지대 장치 크기,2
47121,magicsquare_1,,,마법진 가시숲,2
47122,magicsquare_2,,,마법진 석화된 도시,2
47123,magicsquare_3,,,마법진 지하요새,2
47124,magicsquare_1_mini,,,마법진,2
47130,bokor_statue_1,,,보로코가 설치해둔 유적 석상,2
47140,book_prop_1,,,선반탁자1,2
47150,bube_flag1,,,부베족 깃발,2
47160,pedlar_lose_1,,,행상인이 잃어버린 물건1,2
47161,pedlar_lose_2,,,행상인이 잃어버린 물건2,2
47170,soldier_article_1,,,병사의 유물,2
47180,steel_barred_1,,,철창,2
47181,steel_barred_2,,,철창1,2
47190,stone_monument1,,,문헌1,2
47191,stone_monument2,,,문헌2,2
47192,stone_monument3,,,문헌3,2
47200,siauliai_grass_1,,,샤울레이 변색된 풀,2
47201,siauliai_grass_2,,,샤울레이 변색된 풀,2
47202,siauliai_grass_3,,,샤울레이 변색된 풀,2
47203,siauliai_grass_3_large,,,큰 샤울레이 변색된 풀,2
47204,siauliai_grass_4,,,샤울레이 변색된 풀4,2
47210,petrifaction_1,,,석화물 1,2
47211,petrifaction_2,,,석화물 2,2
47212,petrifaction_3,,,석화물 3,2
47220,stonepillar_1,,,석재 1,2
47221,stonepillar_2,,,석재 2,2
47222,stones,,,돌무더기,2
47223,fire_wood,,,장작더미,2
47224,crystal,,,크리스탈,2
47225,stone_event,,,배경 돌,2
47226,siauliai_fence,,,울타리,2
47230,cmine_cartheap,,,수레더미,2
47231,brarkaras_stone_basis1,,,더미기둥1,2
47232,brarkaras_stone_basis2,,,더미기둥2,2
47233,stonetablet_stone,,,수정기둥,2
47234,stonetablet,,,계시 석판,2
47235,catacomb_skull,,,해골더미,2
47236,npc_Laima_little,,,소녀,2
47237,statue_vakarine_event01,,,여신 바카리네의 상,2
47238,statue_vakarine_event02,,,여신 바카리네의 상,2
47239,npc_sculptor,,minimap_man_cleric,조각가,2
47240,Golem_gray_stone,,,회색골램바위,2
47241,cathedral_furniture,,,가구더미,2
47242,cathedral_torch,,,횃불,2
47243,thorn_raid_npc1,,,가시숲 레이드 길막1,2
47244,thorn_raid_npc2,,,가시숲 레이드 길막2,2
47245,npc_sout_hunter,,,사냥꾼,2
47246,npc_flower1,,,꽃다발1,2
47247,npc_flower2,,,꽃다발2,2
47248,npc_cat,,,고양이,2
47250,npc_zachariel_cube,,,왕릉 큐브,2
47251,npc_zachariel_head_01,,,왕릉비석01,2
47252,npc_zachariel_head_02,,,왕릉비석02,2
47253,npc_zachariel_lantern,,,왕릉 석등,2
47254,npc_zacharial_desk,,,왕릉 책상,2
47255,rokas_brickwall,,,벽돌벽,2
47256,rokas_pot1,,,항아리,2
47257,rokas_pot2,,,항아리,2
47258,rokas_pot3,,,항아리,2
47259,Moving_trap_32,,,부서진 이동트랩,2
47260,zachariel_guardian,,,왕릉 수호자,2
47261,npc_zachariel_cube_05,,,왕릉 큐브,2
47262,npc_zachariel_cube_09,,,왕릉 큐브,2
47263,Hidden_target,,,투명 타겟,2
47264,Hidden_Mon_01,,,투명 몬스터,2
47265,npc_zachariel_lantern_2,,,왕릉 석등,2
47266,treasure_box3_2,,,보물상자3,2
47413,npc_lecifer,몬스터,icon_item_nothing,렉시퍼 인간형,2
48002,f_katyn_owl02,,,부엉이 조각상,2
48003,f_katyn_owl03,,,부엉이 조각상,2
48004,f_katyn_owl04,,,부엉이 조각상,2
48005,such_torch,,,확인용,2
48006,f_katyn_owl04_big,,,부엉이 조각상,2
48021,f_katyn_owl01_fall,,,,2
48022,f_katyn_owl02_fall,,,,2
48023,f_katyn_owl03_fall,,,,2
48024,f_katyn_owl04_fall,,,,2
57264,npc_Alina,몬스터,icon_item_nothing,단원 알리나,2
57337,npc_Gragina,몬스터,icon_item_nothing,단원 그라지나,2
57578,mon_kupole_1,몬스터,icon_item_nothing,큐폴1,2
57579,mon_kupole_2,몬스터,icon_item_nothing,큐폴2,2
57580,mon_kupole_3,몬스터,icon_item_nothing,큐폴3,2
57581,mon_kupole_4,몬스터,icon_item_nothing,큐폴4,2
57582,mon_kupole_5,몬스터,icon_item_nothing,큐폴5,2
57583,mon_kupole_6,몬스터,icon_item_nothing,큐폴6,2
57585,mon_kupole_5_Event,몬스터,minimap_event_1,큐폴5,2
57586,mon_kupole_6_Event,몬스터,minimap_event_1,큐폴6,2
57840,npc_hauberk,마군주 하우벅은 역사상 최강의 마법사로 불리는 아가일라 플러리와 비밀협정을 맺었다가 그 사실을 마군주 헬가 세르클에게 들켜 온몸이 찢기어 온 세상 곳곳에 봉인되었습니다. 그럼에도 하우벅은 부하들에게 영향력을 유지하고 있으며 부활과 재기를 꿈꾸고 있습니다.,boss_hauberk,마군주 하우벅,2
57857,npc_Alina_normal,몬스터,icon_item_nothing,단원 알리나 트랙,2
58049,Shieldcharger,그리 강한 몬스터는 아니지만 섣불리 공격했다간 눈에서 눈물을 쏟게 될겁니다.,icon_item_nothing,실드 차져,2
58289,mon_npc_sapper,몬스터,icon_item_nothing,계시자 미하일,2
58290,mon_npc_tila_monk,몬스터,icon_item_nothing,수도사1,2
58291,mon_paladin_follower2_1,몬스터,icon_item_nothing,팔라딘 추종자B1,2
58292,mon_paladin_follower2_2,몬스터,icon_item_nothing,팔라딘 추종자B2,2
58293,mon_paladin_follower2_3,몬스터,icon_item_nothing,팔라딘 추종자B3,2
58452,pet_egg,그리 강한 몬스터는 아니지만 섣불리 공격했다간 눈에서 눈물을 쏟게 될겁니다.,icon_item_nothing,컴패니언 알,2
58460,alfalfa,그리 강한 몬스터는 아니지만 섣불리 공격했다간 눈에서 눈물을 쏟게 될겁니다.,icon_item_nothing,알팔파,2
58461,tomato,그리 강한 몬스터는 아니지만 섣불리 공격했다간 눈에서 눈물을 쏟게 될겁니다.,icon_item_nothing,토마토,2
58530,mon_npc_w_hunter,몬스터,icon_item_nothing,하얀 사냥꾼,2
58568,pcskill_Enchanter_skill,그리 강한 몬스터는 아니지만 섣불리 공격했다간 눈에서 눈물을 쏟게 될겁니다.,icon_item_nothing,인챈터 상점,2
58584,artefact_cereal,몬스터,icon_item_nothing,뱁새용 모이,2
58602,pet_fruits_plate,몬스터,icon_item_nothing,투칸 먹이,2
58738,npc_raid_gimmick,몬스터,icon_item_nothing,보호의 단,2
59066,farmer_plant_step_01,몬스터,icon_item_nothing,,2
101001,mon_paladin_follower1_2_hp,몬스터,icon_item_nothing,팔라딘 추종자A2,2
101002,mon_paladin_follower1_3_hp,몬스터,icon_item_nothing,팔라딘 추종자A3,2
103015,mon_paladin_follower1_3_Q,몬스터,icon_item_nothing,루클리스 부대원,2
107003,mon_npc_tila_monk2,몬스터,icon_item_nothing,수도사2,2
147303,npc_zachariel_gate,,,왕릉 게이트,2
147304,rokas_trap_dummy,,,파괴된 이동트랩,2
147305,Firetower_Defense,,,마법사의 탑 디펜스,2
147306,Firetower_GateOpen,,,마법사의 탑 게이트,2
147307,Firetower_Offense,,,마법사의 탑 오펜스,2
147308,Cat_Deagil,,,대길이,2
147311,BOOK_01,,,책,2
147312,LOST_PAPER,,,바닥에 떨어진 종이,2
147313,Hogma_combat_gray,,,호그마 석상,2
147315,Warleader_Hogma_gray,,,호그마 전투대장 석상,2
147316,hogma_archer_gray,,,호그마 석상2,2
147317,hogma_sorcerer_gray,,,호그마 주술사 석상,2
147318,Hogma_combat_gray_01,,,호그마 석상01,2
147319,Treasure_box_3cm,,,보물 상자 3cm,2
147320,Treasure_box_katyn,,,보물 상자 카틴,2
147321,Treasure_box_remain,,,보물 상자 유적지대,2
147322,Treasure_box_siaul,,,보물 상자 샤울레이,2
147323,Treasure_box_table,,,보물 상자 고립고원,2
147325,npc_HOP_master,,minimap_man_master,하플라이트 마스터,2
147326,npc_CEN_master,,minimap_man_master,센츄리온 마스터,2
147327,npc_CAT_master,,minimap_man_master,캐터프랙트 마스터,2
147328,npc_PSY_master,,minimap_man_wizard,사이코키노 마스터,2
147329,npc_SOR_master,,minimap_man_wizard,소서러 마스터,2
147336,cablecar,,,망가진 장치,2
147337,cemetery_irongate,,,철문,2
147338,katyn_rock,,,바위,2
147339,thorn_rock,,,바위,2
147340,Treasure_box_rokas,,,보물 상자 협곡,2
147341,Treasure_box_flash,,,보물 상자 석화도시,2
147342,Treasure_box_prison,,,보물 상자 감옥,2
147343,npc_RAG_master,,minimap_man_archer,레인저 마스터,2
147345,npc_historian_odel_body,,,시레니아 오델,2
147346,npc_ftower_chair,,,마법사의 탑 의자,2
147347,npc_ftower_gear,,,마법사의 탑 톱니바퀴,2
147348,event_achat,,,에하트조각,2
147349,npc_lecife_event,,,렉시퍼 마족형태,2
147350,mission_chaple_01,,,성당 미션 게이트,2
147351,chaple_chair_01,,,성당 미니 의자,2
147352,bell_rope_01,,,종탑 밧줄,2
147353,chapel_front_gate,,,성당 게이트,2
147354,gale_bucket_stuff,,,공구통,2
147355,goat_cable_lever,,,케이블 카 조종기,2
147357,holly_sphere_chapel_01,,,팔라딘의 결계_성당A,2
147358,holly_sphere_chapel_02,,,팔라딘의 결계_성당B,2
147359,shrine_bot,,,제단,2
147360,holly_sphere_gele,,,팔라딘의 결계_겔리고원,2
147361,HiddenTrigger_CantGen50,,,,2
147362,HiddenTrigger_CantGen100,,,,2
147363,HiddenTrigger_CantGen150,,,,2
147364,HiddenTrigger_CantGen200,,,,2
147365,HiddenTrigger_CantGen250,,,,2
147366,HiddenTrigger_CantGen300,,,,2
147367,chaple_chair_02,,,성당 의자,2
147368,magicsquare_3_thornmian_big,,,,2
147369,magicsquare_3_thornmain_mid,,,,2
147370,magicsquare_3_thornmain_mini,,,,2
147371,npc_gesti,,,제스티,2
147372,blank_npc,,,빈 NPC,2
147373,holly_oliphant_1,,,성구,2
147374,HiddenWall_10_500_500,,,,2
147375,siau_tent_01,,,샤울레이 텐트,2
147376,siau_fence_01,,,샤울레이 울타리,2
147377,npc_gele_dummy_01,,,겔리고원 길막,2
147378,npc_gele_dummy_02,,,겔리고원 길막,2
147379,chaple_gate_02,,,성당 게이트,2
147380,blank_npc_2,,,빈 NPC 2번,2
147381,chaple_gate_open,,,성당 게이트,2
147382,npc_blackman,,,주시자,2
147383,npc_giltine,,,길티네,2
147384,npc_hiddennpc02,,,미션 게이트,2
147385,npc_saule_goddess,,,여신 사울레,2
147386,npc_saule_female_1,,,사울레 여신도1,2
147387,huevill_merge_gray,,,칠채곡 석상1,2
147388,huevill_mothtem_gray,,,칠채곡 석상2,2
147389,npc_saule_male_1,,,사울레 남신도1,2
147390,npc_paladin_follower1_1,,,팔라딘 추종자A1,2
147391,npc_paladin_follower3_1,,,팔라딘 추종자C1,2
147392,treasure_box1,,,보물상자1,2
147393,treasure_box3,,,보물상자3,2
147394,treasure_box4,,,보물상자4,2
147395,treasure_box5,,,보물상자5,2
147396,huevill_chief,,,칠채곡 촌장,2
147397,npc_saule_female_2,,,사울레 여신도2,2
147398,npc_saule_male_2,,,사울레 남신도2,2
147399,npc_paladin_follower1_2,,,팔라딘 추종자A2,2
147400,npc_paladin_follower1_3,,,팔라딘 추종자A3,2
147401,npc_paladin_follower3_2,,,팔라딘 추종자C2,2
147402,npc_paladin_follower3_3,,,팔라딘 추종자C3,2
147403,npc_paladin_follower2_1,,,팔라딘 추종자B1,2
147404,npc_paladin_follower2_2,,,팔라딘 추종자B2,2
147405,npc_paladin_follower2_3,,,팔라딘 추종자B3,2
147406,npc_paladin_follower2_4,,,팔라딘 추종자B4,2
147407,npc_huevill_male_1,,,칠채곡 남자1,2
147408,npc_huevill_male_2,,,칠채곡 남자2,2
147409,npc_huevill_male_3,,,칠채곡 남자3,2
147410,npc_soldier_female_01,,,경비병 여자,2
147411,npc_thorn_flower,,,가시 꽃,2
147412,npc_thorn_bigflower,,,큰 가시 꽃,2
147413,npc_gele_sanctuary_1,,,겔리고원 결계,2
147414,npc_Obelisk,,,오벨리스크,2
147415,npc_soldier_female_02,,,경비병 여자2,2
147416,npc_soldier_female_03,,,경비병 여자3,2
147417,Huevillage_Altar,,,제단,2
147418,npc_huevill_female_1,,,칠채곡 여자1,2
147419,npc_huevill_female_2,,,칠채곡 여자2,2
147420,npc_huevill_female_3,,,칠채곡 여자3,2
147421,npc_paladin_noinst3_1,,,팔라딘 추종자 악기없음C1,2
147422,npc_paladin_noinst3_2,,,팔라딘 추종자 악기없음C2,2
147423,npc_paladin_noinst3_3,,,팔라딘 추종자 악기없음C3,2
147424,npc_gele_firepuppet,,,소환 주술인형,2
147425,npc_Florijonas,,,플로리요나스,2
147426,npc_paladin_noinst3_2_pet,,,컴패니언 상인,2
147428,npc_tableland_guy,,,엘레베이터 남,2
147429,npc_p_villageuncle1,,,페디미안 남자1,2
147430,npc_p_villageuncle2,,,페디미안 남자2,2
147431,npc_p_villageuncle3,,,페디미안 남자3,2
147432,npc_potter,,,도자기 빚는 노인,2
147433,npc_p_villageuncle1_cart1,,,페디미안 수레 남,2
147434,npc_SAP_master,,minimap_man_archer,새퍼 마스터,2
147435,npc_THA_master,,minimap_man_scout,쏘마터지 마스터,2
147436,npc_FLT_master,,minimap_man_archer,플레쳐 마스터,2
147437,npc_village_uncle_1_nonwindow,,,마을 아저씨1,2
147438,npc_COS_master,,minimap_man_scout,커세어 마스터,2
147439,npc_SQR_master,,minimap_man_scout,스콰이어 마스터,2
147440,npc_village_uncle_8_nowindow,,,마을 아저씨8,2
147441,npc_PDN_master,,minimap_man_cleric,파드너 마스터,2
147442,npc_WRC_master,,minimap_man_wizard,엘리멘탈리스트 마스터,2
147443,npc_DOP_master,,minimap_man_master,도펠죌트너 마스터,2
147444,npc_village_uncle_4_nowindow,,,마을 아저씨4,2
147445,npc_QRS_master,,minimap_man_archer,쿼렐슈터 마스터,2
147446,npc_NEC_master,,minimap_man_wizard,네크로맨서 마스터,2
147447,npc_ARC_master,,minimap_man_archer,아처 마스터,2
147448,npc_CHR_master,,minimap_man_wizard,크로노맨서 마스터,2
147449,npc_grita,,,그리타,2
147450,npc_Carnivore,,,광폭해진 카너버,2
147451,npc_Panto,,,새끼 판토,2
147452,npc_gabia_goddess,,,여신 가비야,2
147453,mine_crystal_red,,,광산 수정 바구니,2
147454,npc_Nepenthes,,,잠든 네펜더스,2
147455,HiddenWall_250_250_300,,,,2
147456,npc_Unknocker,,,수상한 보물 상자,2
147457,npc_Offset_1,,,중앙 기둥,2
147458,npc_drum_M,,,드럼통,2
147459,npc_drum_S,,,작은 드럼통,2
147460,npc_Golemlet,,,작은 골렘,2
147461,npc_mushroom_mini,,,작은 그리바,2
147462,npc_Mushcaria,,,머슈카리아,2
147463,stontablet_down_1,,,유적지대 석판,2
147464,stontablet_down_2,,,유적지대 석판,2
147465,campfire_wood,,,장작더미,2
147466,pub_book,,,주점책,2
147467,zachariel_guardian_2,,,왕릉 수호자,2
147468,rokas_beacon,,,봉화대,2
147469,noshadow_npc,,,그림자없는 NPC,2
147470,Goblin_spear_npc,,,쓰러진 부베,2
147471,HiddenWarp,,minimap_portal,　,2
147472,npc_mineloader,,,움직이지 않는 마인로더,2
147473,npc_village_female,,,마을 아가씨,2
147475,npc_zachariel_cube_mini,,,왕릉 미니 큐브,2
147476,npc_beekeeper1,,,양봉가1,2
147477,npc_beekeeper2,,,양봉가2,2
147478,npc_beekeeper3,,,양봉가3,2
147479,npc_beekeeper4,,,양봉가4,2
147480,npc_beekeeper5,,,양봉가5,2
147481,npc_village_male_a1,,,마을 청년A1,2
147482,npc_village_male_a2,,,마을 청년A2,2
147483,npc_village_male_a3,,,마을 청년A3,2
147484,npc_village_male_b1,,,마을 청년B1,2
147485,npc_village_male_b2,,,마을 청년B2,2
147486,npc_village_male_b3,,,마을 청년B3,2
147488,icewall_flash,,,얼음기둥,2
147489,npc_matron_nowindow,,,중년 부인,2
147491,npc_austeja_female_1,,,아우스테야 여신도1,2
147492,npc_austeja_female_2,,,아우스테야 여신도2,2
147493,npc_cleric_f_2,,,약사,2
147494,pub_waiter,,,주점 웨이터,2
147495,npc_stonefroster,,,잠든 스톤프로스터,2
147496,npc_village_uncle_9_nowindow,,,마을 아저씨9,2
147497,npc_RingCrawler,,,기계 장치,2
147498,npc_f_tower_Ele,,,안타레스,2
147499,npc_investigation01,,,조사단장,2
147500,whorfzone,,minimap_portal,워프 마법진,2
147501,npc_Obelisk_broken,,,부서진 오벨리스크,2
147502,firetower_device_01,,,마력 안정화 장치,2
147503,firetower_gear_01,,,마력 기어,2
147504,firetower_valve_01,,,마력 밸브,2
147505,npc_Gargoyle,,,가고일 석상,2
147507,blank_npc_warp,,minimap_erosion,빈 NPC 프리던전 입구용,2
147508,npc_Corsair_m,,,해적 단원 남자,2
147509,npc_Corsair_f,,,해적 단원 여자,2
147510,npc_Schwarzereiter_m,,,황금노래 용병단원 남자,2
147511,npc_Schwarzereiter_f,,,황금노래 용병단원 여자,2
147512,npc_Monk_m,,,몽크 사제 남자,2
147513,npc_Monk_f,,,몽크 사제 여자,2
147514,npc_MNK_master_NoRun,,,몽크 마스터(Run 없음),2
147515,npc_Doppelsoldner_m,,,칼날서약 용병단원 남자,2
147516,npc_Doppelsoldner_f,,,칼날서약 용병단원 여자,2
147517,npc_fishing_manager,,,낚시터 관리인,2
147518,npc_diana,,,디아나,2
148001,blank_npc_moon,,,빈 NPC,2
150000,npc_junk_shop,,,유랑 상인 게랄다스,2
150001,npc_skill_misc_shop_2,,,스킬 재료 상인,2
150002,npc_skill_misc_shop_3,,,스킬 재료 상인,2
150003,npc_equip_shop_270_315,,,장비 보급병,2
150004,FishingPlace,,,낚시터,2
150005,FishingFire_1,,,낚시 모닥불,2
150006,fishingbox1,,,살림통 1단계,2
150007,fishingbox2,,,살림통 2단계,2
150009,gacha_cube1,,,레티샤 시크릿 큐브,2
150010,Hiddennpc_Challenge_Start,,,챌린지 모드 입장,2
150011,Hiddennpc_Challenge_Next,,,스텝 업,2
150012,Hiddennpc_Challenge_Stop,,,모드 종료,2
150013,gacha_cube2,,,레티샤의 성탄 선물,2
150016,d_raid_spell_crystal_red,,,테라 정수,2
150017,d_raid_magicsquare,,,,2
150018,d_raid_Warp_maig_square,,minimap_portal,,2
150019,barbershop_curtain,,,미용실 커튼,2
150020,dressroom_curtain,,,의상실 커튼,2
150023,uniqraid_startower_npc_ramunas,,,라무나스,2
150024,uniqraid_startower_npc_kron,,,크론,2
150025,uniqraid_startower_magiccondense,,,마력 응축 장치,2
150031,uniqraid_startower_magiccontrol_black,,,마력 제어 장치,2
150032,uniqraid_startower_power_control,,,동력 제어 장치,2
150033,uniqraid_startower_soul_gathering,,,영혼집약기,2
150034,uniqraid_startower_Soul_stone,,,영혼 증폭석,2
150035,uniqraid_startower_magiccontrol_green,,,마력 제어 장치,2
150036,uniqraid_startower_magiccontrol_yellow,,,마력 제어 장치,2
150037,uniqraid_startower_magiccontrol_blue,,,마력 제어 장치,2
150038,uniqraid_startower_magiccontrol_red,,,마력 제어 장치,2
150039,uniqraid_startower_HiddenWall_120_120_500,,,,2
150040,uniqraid_startower_HiddenTrigger1,,,서쪽 동력 장치,2
150041,uniqraid_startower_HiddenTrigger2,,,동쪽 동력 장치,2
150042,uniqraid_startower_HiddenWall_120_120_500_0,,,,2
150043,uniqraid_startower_HiddenWall_120_120_500_45,,,,2
150044,uniqraid_startower_HiddenWall_120_120_500_90,,,,2
150045,uniqraid_startower_InvisbleWall_10_160_500_0,,,,2
150046,uniqraid_startower_InvisbleWall_200_200_500_0,,,,2
150047,uniqraid_startower_InvisbleWall_0_0_0_0,,,,2
150048,uniqraid_startower_InvisbleWall_150_120_500_0,,,,2
150049,uniqraid_startower_InvisbleWall_10_160_500_1,,,,2
150051,fishingbox3,,,살림통 3단계,2
150171,stones_startower,,,숨겨진 마력원,2
150172,magicsquare_1_mini_fantasylib,,,마법진,2
150173,supplemants_fantasylib,,,앰플,2
150175,fl_crystal_red_deffense,,,붉은 경계석,2
150176,npc_agailla_flurry_deffense,,,아가일라 플러리,2
150178,npc_schaffenstar_adaux,,,아다욱스,2
150179,npc_schaffenstar_member2_4,,,샤펜스타 단원 여4,2
150180,npc_schaffenstar_member2_5,,,샤펜스타 단원 여5,2
150181,star_stone_01_small_startower_sp,,,마력 잔류물 (특수),2
150182,npc_schaffenstar_ignas,,,샤펜스타 단장 이그나스,2
150183,npc_sage_female_1,,,세이지 여1,2
150184,shadow_raid_device_on,,,전등 장치 (켜짐),2
150185,shadow_raid_device_off,,,전등 장치 (꺼짐),2
150186,shadow_raid_stone_on,,,섀도우맨서 마스터의 봉인석 (켜짐),2
150187,shadow_raid_stone_off,,,섀도우맨서 마스터의 봉인석 (꺼짐),2
150188,shadow_raid_orb,,,봉인의 오브,2
150199,shadow_raid_door,,,봉인의 문,2
150200,npc_ghost_soldier_castle,,,유령 병사,2
150201,castle94_gate,,,캐슬 정문,2
150202,castle94_gate_opened,,,캐슬 정문(열림),2
150203,Shadowmancer_seal_cage,,,그림자 감옥,2
150204,HiddenWall_500_300_300,,,,2
150205,npc_stockades_uphill,,,방책,2
151000,closing_device,,,폐쇄장치,2
151001,spell_crystal_red,,,마력이 맺힌 결정,2
151002,spell_crystal_gem_red,,,홍염의 보석,2
151003,spell_suppressors,,,마력 억제기,2
151004,crystal2,,,수정2,2
151005,npc_antares,,,안타레스,2
151006,mine_purify_01,,,정화장치,2
151007,stone_ground,,,연출용 돌바닥,2
151008,mine_elevator,,,광산 승강기,2
151009,mine_miner,,,광산 광부,2
151010,mine_matron,,,광산 부인,2
151011,mine_village_female,,,광산 아가씨,2
151012,mine_Laima,,,광산 소녀 라이마,2
151013,mine_crystal_red2,,,광산 수정,2
151014,mine_crystal,,,수정 벽,2
151015,mine_purify_01_parts1,,,정화장치 부품1,2
151016,mine_purify_01_parts2,,,정화장치 부품2,2
151017,mine_purify_01_parts3,,,정화장치 부품3,2
151018,noshadow_npc_8,,,그림자없는 NPC,2
151019,noshadow_npc_16,,,그림자없는 NPC,2
151020,noshadow_npc_32,,,그림자없는 NPC,2
151021,noshadow_npc_64,,,그림자없는 NPC,2
151022,npc_orb1,,,신전의 제사 도구,2
151023,branch_01,,,나뭇가지,2
151024,austeja_alter,,,아우스테야 제단,2
151025,beehive_1,,,양봉 벌집,2
151026,beehive_2,,,부서진 벌집,2
151027,beehive_3,,,벌집,2
151028,gale_bucket_stuff2,,,물통,2
151029,boxes_01,,,상자더미01,2
151030,boxes_02,,,상자더미02,2
151031,wood_piece_01,,,나무토막,2
151032,scarecrow_01,,,허수아비,2
151033,npc_aurelius,,,아우렐리우스,2
151034,npc_fedimian_merchant,,minimap_man_shop,페디미안 잡화 상인,2
151035,npc_fedimian_merchant_1,,minimap_man_armor,페디미안 장비상인,2
151036,npc_fedimian_merchant_4,,minimap_man_smith,페디미안 대장장이,2
151037,npc_fedimian_mercenary_1,,,페디미안 용병 의뢰소 관리 소장,2
151038,npc_fedimian_merchant_3,,minimap_man_ace,페디미안 악세사리 상인,2
151039,npc_fedimian_mercenary_2,,,페디미안 관리직원,2
151040,npc_fedimian_f_1,,,페디미안 마을 주민 여자,2
151041,npc_austeja_goddess,,,여신 아우스테야,2
151042,NPC_GM,,minimap_event_1,GM,2
151043,star_sphere_01,,,별의 탑 천체구,2
151044,star_hourglass_01,,,별의 탑 모래시계,2
151045,star_lantern_01,,,별의 탑 랜턴,2
151046,star_stone_01,,,스타스톤,2
151047,candlestick_01,,,촛대,2
151048,star_stone_01_small,,,스타스톤의 결정,2
151049,npc_FAL_master,,minimap_man_archer,응사 마스터,2
151050,ftower_sealstorn,,,봉인석,2
151051,pillarobb_crystal,,,검은 수정,2
151052,npc_zacharial_desk2,,,왕릉 책상2,2
151053,npc_grita_phoenix,,,그리타 피닉스,2
151054,catacomb_wall,,,카타콤 벽,2
151055,bones,,,뼈,2
151056,Link_stone,,,교감의 마법석,2
151057,regenerative_stone,,,마력 재생석,2
151058,Space_stone,,,공간마석,2
151059,npc_catacomb_tomb_01,,,카타콤 무덤01,2
151060,npc_catacomb_tomb_02,,,카타콤 무덤02,2
151061,npc_hawk,,,매,2
151062,npc_warehouse_fedimian,,minimap_werehouse,페디미안 창고지기(임시),2
151063,npc_FNC_master,,minimap_man_master,펜서 마스터,2
151064,npc_wooden_romuva_white,,,억제의 나모트,2
151065,soul_gathering_mchn_5,,,영혼 아귀,2
151066,c_orsha_wood,,,오르샤 나무,2
151067,old_wooden_box_S,,,작은 나무 궤짝,2
151068,npc_DRG_master,,minimap_man_master,드라군 마스터,2
151069,npc_WAR_master,,minimap_man_wizard,워록 마스터,2
151070,npc_FTF_master,,minimap_man_wizard,페더풋 마스터,2
151071,npc_CNN_master,,minimap_man_archer,캐노니어 마스터,2
151072,npc_MSK_master,,minimap_man_archer,머스킷티어 마스터,2
151073,npc_PGD_master,,minimap_man_cleric,플레이그닥터 마스터,2
151074,npc_KBL_master,,minimap_man_cleric,카발리스트 마스터,2
151075,npc_SNB_master,,minimap_man_scout,시노비 마스터,2
151076,noshadow_npc_128,,,그림자없는 NPC,2
151077,npc_mardas,,,연락병 마르다스,2
151078,orsha_soldier_f_2,,,오르샤 병사 여 2,2
151079,orsha_soldier_f_3,,,오르샤 병사 여 3,2
151080,orsha_f_4,,,오르샤 주민 여4,2
151081,orsha_m_5_1,,,오르샤 주민 남5_1,2
151082,orsha_m_5_2,,,오르샤 주민 남5_2,2
151083,orsha_m_6_1,,,오르샤 주민 남6_1,2
151084,orsha_m_6_2,,,오르샤 주민 남6_2,2
151085,orsha_m_7_1,,,오르샤 주민 남7_1,2
151086,orsha_m_7_2,,,오르샤 주민 남7_2,2
151087,orsha_m_8_1,,,오르샤 주민 남8_1,2
151088,orsha_m_8_2,,,오르샤 주민 남8_2,2
151089,orsha_m_9_1,,,오르샤 주민 남9_1,2
151090,orsha_m_9_2,,,오르샤 주민 남9_2,2
151091,orsha_m_10_1,,,오르샤 주민 남10_1,2
151092,orsha_m_10_2,,,오르샤 주민 남10_2,2
151093,orsha_m_11_1,,,오르샤 주민 남11_1,2
151094,orsha_m_11_2,,,오르샤 주민 남11_2,2
151095,orsha_m_12_1,,,오르샤 주민 남12_1,2
151096,orsha_m_12_2,,,오르샤 주민 남12_2,2
151097,orsha_m_13_1,,,오르샤 주민 남13_1,2
151098,orsha_m_13_2,,,오르샤 주민 남13_2,2
151099,prison_bars1,,,감옥 철창1,2
151100,prison_bars2,,,감옥 철창2,2
151101,prison_bars3,,,감옥 철창3,2
151102,noshadow_npc_MANA_WAR,,,마력전쟁 투명 NPC,2
151103,noshadow_npc_DELIVERY_CHARGES,,,배달충전 투명 NPC,2
151105,monument_03_small,,,작은_유적지대_비석03,2
151106,npc_RUN_master,,minimap_man_wizard,룬캐스터 마스터,2
151107,npc_zanas,,,자나스,2
151108,prison_device_1,,,비밀 장치1,2
151109,prison_device_2,,,비밀 장치2,2
151110,prison_device_3,,,비밀 장치3,2
151111,pentagonal_prism_1,,,오각 기둥,2
151112,npc_Socket_mage_red,,,붉은 소켓 메이지,2
151113,mine_crystal_red2_small,,,작은 광산 수정,2
151114,vine_f_orchard_34_3,,,바르하 숲 덩굴,2
151115,HiddenWall_prison_81,,,,2
151116,bookshelf_1,,,싱글책장,2
151117,bookshelf_2,,,더블책장,2
151118,castle_ramp_1,,,캐슬램프,2
151119,castle_ramp_2,,,캐슬마법램프,2
151120,white_paper1,,,내용 있는 하얀 종이,2
151121,white_paper2,,,하얀 종이,2
151122,fabric_1,,,천조각,2
151123,strongbox_1,,,금고상자,2
151124,obj_CardBattle_table,,,나무 테이블,2
151125,cathedral_furniture_big_OBB,,,가구더미(큰 OBB),2
151126,obj_ExplosionTrap,,,폭발트랩,2
151127,pentagonal_prism_1_mon,,,붉은 수정,2
151128,miko_altar_1,,,무녀 제단,2
151129,strongbox_1_no_obb,,,금고상자(OBB 없음),2
151130,strongbox_ftower_69_2,,,금고상자(발판 OBB),2
151131,d_firetower_book_pile_1,,,책더미 1,2
151132,d_firetower_book_pile_2,,,책더미 2,2
151133,d_firetower_book_pile_3,,,책더미 3,2
151134,npc_vincentass,,,빈센타스,2
151135,npc_plaguedoctor_m_2,,,플레이그 닥터 유그리나스,2
151136,austeja_alter2,,,유데이안 제단,2
151146,npc_poodle_m,,,푸들 남자,2
151147,npc_tiecat_f,,,고양이 여자,2
151148,npc_poporion_f,,,포포리온 여자,2
151150,klaipeda_vendor,,,축제용 장난감 가판대,2
151151,klaipeda_balloons,,,축제용 풍선 가판대,2
151152,klaipeda_christmas_tree_npc,,,2주년 기념수,2
151153,NPC_Golddog,,,황금개,2
151154,treeday_1,,,묘목,2
151155,treeday_2,,,묘목,2
151156,treeday_3,,,성목,2
151157,treeday_4,,,성목,2
151158,treeday_5,,,풍성한 성목,2
151159,treeday_6,,,풍성한 성목,2
151160,treeday_7,,,풍성한 성목,2
151161,treeday_square,,,화단,2
151162,npc_2017wedding_1_f,,,2017 메이 웨딩 여자 NPC,2
151163,npc_artefact_bouquet01,,,신부 부케,2
151164,npc_2018wedding_1_f,,,2018 황금빛 페어리 웨딩 여자 NPC,2
151165,playground_goalpost,,,축구 골대,2
151166,strongbox_1_event,,minimap_event_3,금고상자,2
151167,treasure_box5_event,,minimap_event_2,보물상자5,2
151168,npc_moon,,,보름달,2
151169,stone_hill_show_name,,,돌 더미,2
151170,dirt_heal_2_show_name,,,모래 더미,2
151171,npc_kupole_1_event,,minimap_event_1,이벤트 큐폴1,2
151172,npc_kupole_2_event,,minimap_event_1,이벤트 큐폴2,2
151173,npc_kupole_3_event,,minimap_event_1,이벤트 큐폴3,2
151174,npc_kupole_4_event,,minimap_event_1,이벤트 큐폴4,2
151175,npc_kupole_5_event,,minimap_event_1,이벤트 큐폴5,2
151176,npc_kupole_6_event,,minimap_event_1,이벤트 큐폴6,2
151177,npc_giltine_weapon_event,,minimap_event_1,이벤트 무기든 길티네,2
151178,npc_goldpig,,minimap_event_1,황금돼지,2
152000,npc_husband_1,,,평범한 남편,2
152001,npc_wife_1,,,평범한 아내,2
152002,npc_oldman_1,,,평범한 노인,2
152003,secret_warp_npc,,,비밀의 공간 워프용,2
152004,npc_henrika,,minimap_collection,헤느리카,2
152005,npc_rena,,minimap_journal,레나,2
152006,npc_pilgrim_alter_01,,,반쯤 파괴 된 제단,2
152007,npc_pilgrim_board,,,알림판,2
152008,npc_pilgrim_shrine,,,성소 오브젝트,2
152009,npc_pilgrim_tomb,,,순례자NPC 여자의 무덤,2
152010,npc_blackmarket_npc,,,블랙마켓 전용 오브젝트,2
152011,npc_pilgrim_stump,,,나무 그루터기,2
152012,npc_pilgrim_branch,,,앙상한 나무,2
152013,npc_pilgrim_tree,,,신성한 나무,2
152014,catacomb_skull_1,,,해골더미_1,2
152015,catacomb_skull_2,,,해골더미_2,2
152016,catacomb_skull_3,,,해골더미_3,2
152017,npc_flower1_1,,,좀 큰 꽃다발1,2
152018,npc_flower2_1,,,좀 큰 꽃다발2,2
152019,TreasureBox1_1,,,좀 작은 보물 상자,2
152020,npc_pilgrim_board_1,,,좀 큰 부서진 알림판,2
152021,farm_47_scorpio,,,수면중인 스콜피오,2
152022,rokas_pot3_small,,,작은 항아리,2
152023,farm47_statue_zemina_small,,,작은 여신상,2
152024,npc_rokas_cube2,,,협곡지대 결계 사슬,2
152025,npc_rokas_8,,,협곡지대 장치 8,2
152026,dirt_heal_4,,,유적지대37 단단한 흙더미,2
152027,stone_monument2_1,,,유적지대 임시 문헌2,2
152028,remains37_stones,,,유적지대 임시 돌무더기,2
152029,thorn_gateway_2_1,,,유적지대 임시 덩굴,2
152030,monument_01,,,유적지대_비석01,2
152031,monument_02,,,유적지대_비석02,2
152032,monument_03,,,유적지대_비석03,2
152033,monument_04,,,유적지대_비석04,2
152034,monument_05,,,유적지대_비석05,2
152035,plate_01,,,금속판01,2
152036,plate_02,,,금속판02,2
152037,plate_03,,,금속판03,2
152038,vine_01,,,바닥덩굴,2
152039,pagoda_01,,,돌탑,2
152040,workdesk_01,,,작업대,2
152041,remains_vine_01,,,유적지대용 덩굴,2
152042,pagoda_02,,,돌탑2,2
152043,pagoda_03,,,돌탑3,2
152044,rope,,,유적지대 밧줄,2
152045,vine_02,,,바닥덩굴2,2
152046,pagoda_04,,,돌탑4,2
152047,vine_03,,,바닥덩굴3,2
152048,npc_Fireload,,,NPC_파이어로드,2
152049,flash_29_blank_npc,,,석화도시용 빈 NPC,2
152050,Onion_npc,,,NPC_케파_임시용,2
152051,HiddenTrigger6_1,,,석화서리용 히든트리거,2
152052,poison_crystal_03,,,변형 나무뿌리 수정_임시용,2
152053,stone_heap01,,,석화벽01,2
152054,stone_heap02,,,석화벽02,2
152055,soul_gathering_mchn_1,,,영혼집약기1,2
152056,soul_gathering_mchn_2,,,영혼집약기2,2
152057,noshadow_npc_big,,,그림자없는 NPC_키큼,2
152058,npc_archaeologist_m_01,,,사학자(남)01,2
152059,npc_archaeologist_m_02,,,사학자(남)02,2
152060,npc_archaeologist_m_03,,,사학자(남)03,2
152061,npc_archaeologist_m_04,,,사학자(남)04,2
152062,npc_historian_odel_3,,,사학자(여)02,2
152063,thorn_rock_2,,,바위_순례자의길,2
152064,npc_pilgrim_f_2,,,순례자(여)_02,2
152065,npc_pilgrim_f_3,,,순례자(여)_03,2
152066,pilgrim_trap_01,,,순례자의 길 몬스터 덫,2
152067,npc_cart2,,,빈수레_연안요새,2
152068,Stone01_NoObb,,,obb 없는 돌,2
152069,npc_pilgrim_shrine_NoObb,,,obb 없는 성소 오브젝트,2
152070,soul_gathering_mchn_2_1,,,영혼집약기2_1,2
152071,soul_gathering_mchn_2_2,,,영혼집약기2_2,2
152072,soul_gathering_mchn_3,,,영혼집약기3,2
152073,soul_gathering_mchn_4,,,영혼집약기4,2
152074,Infroholder_mage_green_npc,,,NPC_초록 인프로홀더 주술사,2
152075,npc_goddess_dalia,,,여신 달리아,2
152076,HiddenWall_10_200_200,,,,2
152077,npc_zachariel_cube_0,,,왕릉 큐브_0,2
152078,velniasprison_warp_mini,,minimap_portal,공간이동 마법진(미니),2
152079,npc_3cmlake_27_riddle_device,,,수반 시설,2
152080,npc_3cmlake_27_bracken_leaves,,,수초,2
152081,npc_Underaqueduct_Gimmick,,,머즈루스 마력 덩어리,2
152082,npc_Underaqueduct_Pc_Life_1,,,PC 카운트1,2
152083,npc_Underaqueduct_Pc_Life_2,,,PC 카운트2,2
152084,npc_Underaqueduct_Skill_Gimmick,,,머즈루스 마력 수정,2
153000,npc_matron_aquamarine,,,중년부인(아쿠아마린),2
153001,npc_matron_blue,,,중년부인(블루),2
153002,npc_matron_darkbrown,,,중년부인(다크브라운),2
153003,npc_matron_pink,,,중년부인(핑크),2
153004,npc_matron_purple,,,중년부인(퍼플),2
153005,npc_kristina,,minimap_man_companion,크리스티나,2
153006,npc_gele_57_1_cablecar,,,케이블카,2
153007,npc_gele_57_2_cablecar,,,겔리 고원 케이블카,2
153008,npc_huevillage58_1_cablecar,,,폴가람 케이블카,2
153009,npc_rokas27_cablecar,,,아크멘스 능선 케이블카,2
153010,npc_mission_gele_01_cablecar,,,겔리 고원 미션 케이블카,2
153011,npc_bramble_root,,,브람블의 뿌리,2
153012,mission_chaple_02,,,성당 게이트,2
153013,npc_cauldron,,,연금술 솥,2
153014,BOOK_02,,,책,2
153015,npc_foot_hold,,,대성당 발판,2
153016,npc_pilgrim_tree_Q,,,신성한 나무(obb있는 버전),2
153017,npc_cathedral_device_01,,,대성당 장치1,2
153018,npc_cathedral_device_02,,,대성당 장치2,2
153019,npc_pollution_altar,,,오염된 제단,2
153020,pilgrim_statue_01,,,순례자 석상,2
153021,pilgrim_flower_01,,,헌화된 꽃,2
153022,Hiddennpc_move02,,,,2
153023,Hiddennpc_move03,,,,2
153024,npc_coffin,,,자카리엘 왕의 석관,2
153025,npc_plant_repress_L,,,몬스터 증식 억제 장치,2
153026,npc_plant_repress_S,,,몬스터 증식 억제 장치,2
153027,siau_fence_02,,,샤울레이 울타리,2
153028,HiddenWall_10_170_300,,,,2
153031,blank_npc_noshadow,,,빈 NPC,2
153032,npc_zachariel,,,자카리엘 왕의 영혼,2
153036,f_katyn_owl02_Q,,,부엉이 조각상,2
153037,f_katyn_owl03_Q,,,부엉이 조각상,2
153038,f_katyn_owl04_Q,,,부엉이 조각상,2
153039,npc_bramble_root_m,,,브람블의 뿌리,2
153040,npc_historian_odel_2,,,사학자(여),2
153041,farm47_sack_01,,,곡식 자루,2
153042,farm47_power_01,,,동력기,2
153043,farm47_warehouse_01,,,창고 입구,2
153044,farm47_chair_01,,,수레 가마,2
153045,farm47_dryer_01,,,식품 건조기,2
153046,farm47_dandelion_01,,,활짝 핀 민들레,2
153048,farm47_circle_02,,,깨진 마법진,2
153049,farm47_wing_01,,,여신상의 날개,2
153050,farm47_goddess_head_01,,,여신상의 머리,2
153051,rokas_Shnayim,,,NPC 쉬나임,2
153053,npc_zachariel_head_03,,,왕릉 비석03(파랑),2
153054,siauliai_grass_1_blue,,,잎이 넓은 덤불_블루,2
153055,rokas_pots,,,작은 항아리,2
153056,cart_empty_obb,,,빈수레_충돌박스있음,2
153057,LOST_PAPER_2,,,떨어진종이_팔랑,2
153058,npc_bramble_root_s,,,브람블의 뿌리,2
153059,closing_device_m,,,폐쇄장치,2
153060,pillarobb_crystal_Q,,,검은 수정,2
153061,npc_rokas_5_HE,,,협곡지대 장치 4,2
153062,d_under69_obj,,,분수대,2
153063,firetower_device_01_Q,,,마력 안정화 장치,2
153064,Firetower_Offense_Q,,,마기 정화장치,2
153065,firetower_valve_Q,,,마력 밸브,2
153067,npc_thorn_flower_yellow,,,밝은 가시 꽃,2
153068,npc_thorn_bigflower_yellow,,,큰 밝은 가시 꽃,2
153069,Link_stone_small,,,교감의 마법석,2
153070,bube_flag1_Q,,,부베족 깃발,2
153090,house1,,,집,2
153091,npc_goddess_Laima_prison,,,갇힌 라이마,2
153092,npc_giltine_weapon,,,무기든 길티네,2
153093,f_3cmlake_bigleaf,,,호수 잎사귀,2
153094,gargoyle_statue,,,가고일 석상,2
153095,f_bracken_63_3_elt,,,엘레베이터,2
153096,GuildHouseObject,,,,2
153097,d_abbey_64_1_handle,,,손잡이,2
153098,d_abbey_64_1_sack,,,자루,2
153099,d_abbey_64_1_wood,,,나무판,2
153100,d_abbey_64_1_box,,,박스,2
153101,Firetower_GateOpen_Q,,,마법사의 탑 게이트,2
153102,d_abbey_64_1_elt2,,,노바하 엘리베이터,2
153103,PrisonWire,,,철조망,2
153104,PrisonWire2,,,철조망2,2
153105,npc_orb1_Q,,,구슬,2
153106,thorn_rock_Q,,,바위(obstarcle있는 버전),2
153107,f_bracken_63_1_elt,,,코루 숲 엘리베이터,2
153108,npc_f_bracken_63_1_flume,,,과일배2,2
153109,orsha_m_3,,,오르샤 주민 남3,2
153110,orsha_m_4,,,오르샤 주민 남4,2
153111,orsha_f_3,,,오르샤 주민 여3,2
153112,f_bracken_63_2_elt,,,크니도스 숲 케이블 카,2
153113,d_abbey_64_2_elt,,,노바하 별관 엘리베이터,2
153114,d_abbey_64_3_elt,,,노바하 본원 엘리베이터,2
153115,npc_big_bracken,,,거대 고사리,2
153116,npc_bracken,,,고사리,2
153117,npc_gate,,,창고문,2
153118,incomplete_kruvina,,,불완전한 크루비나,2
153119,npc_roze,,,로제,2
153120,suspicious_wizard,,,의문의 마법사,2
153121,npc_orsha_soldier_bugle_m,,,오르샤 나팔 병사,2
153122,orsha_wood1,,,오르샤 나무1,2
153123,orsha_wood2,,,오르샤 나무2,2
153124,orsha_wood3,,,오르샤 나무3,2
153125,orsha_wood4,,,오르샤 나무4,2
153126,orsha_wood5,,,오르샤 나무5,2
153127,fedimian_bridge,,,페디미안 다리,2
153128,sheepdog_black,,,라쉬,2
153129,d_castle_67_1_elt,,,캐슬 엘리베이터 1,2
153130,d_castle_67_2_elt,,,캐슬 엘리베이터 2,2
153131,alchemist_table_1,,,연금술 테이블1,2
153132,alchemist_table_2,,,연금술 테이블2,2
153133,workdesk_02,,,작업대,2
153134,pilgrim_shrine2,,,게나르 비석,2
153135,d_underfortress_68_2_elt,,,시카리오스 이동장치,2
153136,3cm_bucket_stuff_red,,,오염된 물통,2
153137,firetower_valve_02,,,보호막 장치,2
153138,Firetower_Defense_Q,,,마법사의 탑 디펜스,2
153139,npc_PremierEminent,,,프리미어 에미넌트,2
153142,npc_nun_1,,,수녀 1,2
153143,npc_nun_2,,,수녀 2,2
153144,npc_kupole_3_3D,,,큐폴3_3D,2
153145,coral_stuff03,,,푸른 산호,2
153146,coral_stuff04,,,산호 수레,2
153147,coral_stuff05,,,붉은 산호,2
153148,npc_table_WIZ,,,위저드 튤러스,2
153149,Stone04,,,돌,2
153150,npc_pollution_altar_s,,,오염된 제단,2
153151,npc_stake_stockades,,,방책,2
153155,npc_figurine,,,저주 받은 조각상,2
153156,npc_telepty_device,,,텔레파시 장치,2
153157,npc_figurine_device,,,감시구,2
153158,npc_stake_stockades_01,,,방책,2
153160,Stone04_1,,,돌,2
153161,extra_tomb_no_obb,,,임시 위령비(obb 없는 버전),2
153162,monument_03_midle,,,유적지대_비석03(중간 사이즈,2
153163,npc_plaguedoctor_m,,,플레이그 닥터 마스터의 제자,2
153164,npc_rytaswort,,,기괴한 꽃,2
153165,npc_dorong,,,도룡이,2
153167,stonepillar_1_no_obb,,,석재 1(obb 없는 버전),2
153168,remains_vine_01_S,,,유적지대용 덩굴(작은 버전),2
153169,npc_INQ_master,,minimap_man_cleric,인퀴지터 마스터,2
153170,npc_ENC_master,,minimap_man_scout,인챈터 마스터,2
153171,npc_SAG_master,,minimap_man_wizard,세이지 마스터,2
153172,npc_DAO_master,,minimap_man_wizard,도사 마스터,2
153173,npc_MIKO_master,,minimap_man_cleric,무녀 마스터,2
153174,npc_KANU_master,,minimap_man_cleric,신관,2
153175,bracken43_4_obj,,,고사리 오브젝트,2
153176,npc_richboy,,,도련님,2
153177,monument_05_small,,,유적지대_비석05,2
153178,candle,,,향초,2
153179,f_bracken_43_2_elt,,,엘레베이터,2
153180,f_bracken_43_2_elt2,,,엘레베이터,2
153181,f_bracken_43_4_elt,,,엘레베이터,2
153182,npc_skill_misc_shop,,,스킬 재료 상인,2
153183,npc_boss_kinghammer,,,킹 해머,2
153184,npcl_abbey_device,,,수도원 시설,2
153185,npc_whitetree_tree,,,흰 나무,2
153186,npc_abbey_gear,,,나르바스 사원 시설,2
153187,npc_3cmlake_riddle_device,,,수수께끼 장치,2
153188,npc_abbey_secret_warp,,,나르바스 수도원 시설,2
153189,npc_whitetrees_22_2_elt,,,흰 나무 숲 엘리베이터,2
153190,npc_whitetrees_22_1_elt,,,흰 나무 숲 22_1엘리베이터,2
153191,npc_whitetrees_22_3_elt,,,흰 나무 숲 22_3엘리베이터,2
153192,maple_43_tree,,,단풍숲 나무,2
153193,npc_BLM_master,,minimap_man_scout,불릿 마커 마스터,2
153194,npc_MTD_master,,minimap_man_master,마타도르 마스터,2
153195,npc_SHM_master,,minimap_man_wizard,섀도우맨서 마스터,2
153196,npc_ZLT_master,,minimap_man_cleric,질럿 마스터,2
153197,Hiddennpc_Q5,,,,2
153198,npc_circle_trigger_blue,,,고원 마법진 활성화 장치,2
153199,npc_circle_trigger_white,,,고원 마법진 활성화 장치,2
153200,npc_circle_trigger_yellow,,,고원 마법진 활성화 장치,2
153201,npc_RET_master,,minimap_man_master,레티아리 마스터,2
153202,npc_NAK_master,,minimap_man_master,낙무아이 마스터,2
153203,npc_ONM_master,,minimap_man_wizard,음양사 마스터,2
153204,f_nicopolis_pendulum,,,UnvisibleName,2
153207,npc_PID_master,,minimap_man_archer,파이드 파이퍼 마스터,2
153208,npc_EXO_master,,minimap_man_cleric,엑소시스트 마스터,2
153209,npc_Velwriggler_blue,,,푸른 벨리글러,2
153210,npc_Spector_gh_red,,,붉은 어패리션,2
153211,npc_Sec_Spector_Gh,,,초록 어패리션,2
153212,npc_Hallowventor,,,할로우벤터,2
153213,WIZ_master_studente1,,,위저드 니디아,2
153214,WIZ_master_studente2,,,위저드 알도니,2
153215,WIZ_master_studente3,,,위저드 아네,2
153216,npc_nicopolis_female1,,,니코폴리스 주민(여),2
153217,npc_nicopolis_male1,,,니코폴리스 주민(남),2
153218,npc_nicopolis_female2,,,니코폴리스 주민2(여),2
153219,npc_nicopolis_male2,,,니코폴리스 주민2(남),2
153220,npc_nicopolis_female3,,,니코폴리스 주민3(여),2
153221,npc_nicopolis_male3,,,니코폴리스 주민3(남),2
153222,npc_EXO_student,,,엑소시스트 제자,2
153223,npc_owynia_dilben,,,오위니아 딜벤,2
153224,npc_nicopolis_obj1,,,니코폴리스 조형물1,2
153225,npc_nicopolis_obj2,,,니코폴리스 조형물2,2
153226,npc_auguste_dupin,,,오귀스트 뒤팽,2
153227,npc_nicopolis_guard_male,,,니코폴리스 남자 경비병,2
153228,npc_nicopolis_guard_female,,,니코폴리스 여자 경비병,2
153229,katyn_rock_mid,,,바위,2
153230,f_dcapital_106_elt,,,엘리베이터,2
153231,f_dcapital_105_elt,,,엘리베이터,2
153232,f_nicopolis_81_2_elt,,,엘리베이터,2
153233,f_nicopolis_81_3_elt,,,니코폴리스 81_3엘리베이터,2
153234,d_limestonecave_71_1_elt,,,바우바스 동굴 71_1엘리베이터,2
153235,npc_Lapflammer_statue,,,라플래머 조각상,2
153236,npc_Lapezard_statue,,,라페자드 조각상,2
153237,npc_Lapemiter_statue,,,라페마이터 조각상,2
153238,npc_Lapeman_statue,,,라페먼 조각상,2
154000,velniasprison_warp,,minimap_portal,공간이동 마법진,2
154001,velniasp_block,,,,2
154002,npc_velniasp_mage,,,포탈마법사,2
154003,npc_Blud,,,마군주 블룻,2
154004,Hidden_pillar,,,OBB기둥,2
154005,HiddenControl,,,던전이벤트관리자,2
154006,fortress_rock,,,요새 바위,2
154007,fd_Firetower_Offense,,,마기 정화장치,2
154008,npc_valtrus,,,발트러스,2
154009,crystal_vakarine,,,바카리네 수정,2
154010,npc_vakarine_goddess,,,여신 바카리네,2
154011,npc_kupole_1,,,큐폴1,2
154012,npc_kupole_2,,,큐폴2,2
154013,npc_kupole_3,,,큐폴3,2
154014,npc_kupole_4,,,큐폴4,2
154015,npc_kupole_5,,,큐폴5,2
154016,npc_kupole_6,,,큐폴6,2
154017,npc_ghost_soldier,,,유령 병사,2
154018,npc_warehouse,,minimap_werehouse,창고지기,2
154019,npc_bocor_edita,,,보코르 에디타,2
154020,npc_cryomancer_kostas,,,크리오맨서 코스타스,2
154021,npc_CHR_sabina,,,크로노맨서 사비나,2
154022,npc_ALC_saliamonas,,,알케미스트 살리아모나스,2
154023,npc_flash_soldier_01,,,석화된 경비병01,2
154024,npc_flash_male_01,,,석화된 도굴꾼01,2
154025,flash_detector,,,석화 탐지기,2
154026,npc_flash_soldier_02,,,석화된 경비병02,2
154027,npc_flash_soldier_03,,,석화된 경비병03,2
154028,npc_flash_soldier_04,,,석화된 경비병04,2
154029,npc_flash_soldier_05,,,석화된 경비병05,2
154030,npc_flash_male_02,,,석화된 도굴꾼02,2
154031,npc_flash_male_03,,,석화된 도굴꾼03,2
154032,npc_kaliss_karriat,,,빌헬미나 캐리어트,2
154033,npc_kaliss_hans,,,부관 한스,2
154034,npc_kaliss_soldier,,,칼리스 기사단원,2
154035,npc_flash_box_1,,,석화된 상자,2
154036,npc_flash_grass_1,,,석화된 풀,2
154037,npc_flash_book_1,,,석화된 책,2
154038,npc_flash_book_2,,,석화된 종이,2
154039,klaipeda_square_statue,,minimap_goddess,클라페다 여신상,2
154040,npc_goddess_Laima,,,여신 라이마,2
154041,npc_FD_defence_1,,,프리던전 디펜스,2
154042,candlestick_02,,,촛대02,2
154043,altar_bottom,,,고대장치01,2
154044,statue_angel,,,천사상01,2
154045,ground_crack,,,갈라진 땅,2
154046,id_gate_npc,,,인던입장NPC,2
154047,CrystalLight,,,크리스탈 조명,2
154048,pigrim_fence,,,필그림 펜스,2
154049,npc_Ihrmantas,,,단원 이르만타스,2
154050,npc_Agatas,,,순례자 아가타스,2
154051,npc_williya,,,스콰이어 윌리야,2
154052,npc_Erikais,,,파드너 에리카리스,2
154053,npc_Galius,,,가일류스 르귄,2
154054,npc_Galius_follower_1,,,르귄가의 가신1,2
154055,npc_Galius_follower_2,,,르귄가의 가신2,2
154056,npc_Galius_follower_3,,,르귄가의 가신3,2
154057,npc_Urbonas,,,우르보나스,2
154058,npc_d_prison_62_elt,,,엘리베이터01,2
154059,npc_d_prison_62_1_elt,,,엘리베이터02,2
154060,npc_bonfire_Q1,,,모닥불Q1,2
154061,npc_bonfire_Q2,,,모닥불Q2,2
154062,npc_bonfire_Q3,,,모닥불Q3,2
154063,npc_orsha_goddess,,minimap_goddess,아우슈리네 여신상,2
154064,Hiddennpc_Q1,,,,2
154065,Hiddennpc_Q2,,,,2
154066,Hiddennpc_Q3,,,,2
154067,Hiddennpc_Q4,,,,2
154068,npc_dog6,,,잘리,2
154069,dialog_warp_npc_1,,minimap_portal,대화형 포탈NPC,2
154070,dialog_warp_npc_2,,minimap_portal,대화형 포탈NPC,2
154071,gid_star_stone_01,,,스타스톤,2
154072,npc_goddess_zemina,,,여신 제미나,2
154073,npc_IronGate,,,대지의탑철문,2
154074,npc_gt_shop,,,대지의 탑 상인,2
154075,npc_torchlight,,,화로,2
154076,npc_et_zachariel_cube,,,왕릉 큐브,2
154077,npc_et_firepuppet,,,소환 주술인형,2
154078,npc_et_austeja_alter,,,대지의 제단,2
154079,flibrary_block,,,,2
154080,npc_giltine_weapon_flib,,,무기든 길티네 환상도서관,2
154081,npc_ftower691_elt,,,마탑이동장치691,2
154082,npc_LSCAVE551_CELVERKA_NPC,,,프리스트 셀베카,2
154083,npc_ftower691_elt_1,,,마탑이동장치691_1,2
154084,npc_fantasylibrary_arch_1,,,환상도서관_이벤트_아치,2
154085,npc_fantasylibrary_brickfloor_1,,,환상도서관_이벤트_돌바닥,2
154086,npc_vaivora_goddess,,,여신 바이보라,2
154087,npc_agailla_flurry,,,아가일라 플러리,2
154088,fl_crystal_red,,,붉은 경계석,2
154089,fl_crystal_blue,,,푸른 경계석,2
154090,fl_Altarcrystal,,,붉은색 크리스탈,2
154091,KQ_poison_crystal_01,,,키퀘용 나무뿌리 수정1,2
154092,KQ_poison_crystal_02,,,키퀘용 나무뿌리 수정2,2
154093,KQ_npc_firepuppet,,,키퀘용 주술인형,2
154094,Hiddennpc_KQ1,,,,2
154095,Hiddennpc_KQ2,,,,2
154096,Hiddennpc_KQ3,,,,2
154097,Hiddennpc_KQ4,,,,2
154098,TreasureBox_KQ1,,,키퀘용 보물상자,2
154099,d_limestonecave_55_1_elt_1,,,알렘빅이동장치,2
154100,rmg_crystal_1,,,랜덤좌표수정1,2
154101,rmg_crystal_2,,,랜덤좌표수정2,2
154102,npc_neringa,,,네링가,2
154103,fantasylibrary_bookshelf_1,,,환상도서관 책장1,2
154104,fantasylibrary_gear_1,,,환상도서관 장치1,2
154105,d_fantasylibrary_runestone_1,,,환상도서관 룬스톤1,2
154106,d_fantasylibrary_runestone_2,,,환상도서관 룬스톤2,2
154107,d_fantasylibrary_runestone_3,,,환상도서관 룬스톤3,2
154108,d_fantasylibrary_book_1,,,환상도서관 책1,2
154109,d_fantasylibrary_book_2,,,환상도서관 책2,2
154110,d_fantasylibrary_book_3,,,환상도서관 책3,2
154111,d_fantasylibrary_desk_1,,,환상도서관 책상1,2
154112,d_fantasylibrary_monument,,,얼음 기둥,2
154113,npc_kupole_kaze_1,,,큐폴 카제,2
154114,npc_agit_officer_supply_kingdom_1,,,왕국 보급 장교,2
154115,npc_orb1_Boruta,,,보루타 절규,2
154116,HiddenWall_60_60_500,,,,2
154117,HiddenWall_40_40_500,,,,2
154118,HiddenWall_25_25_500,,,,2
154119,Event_FishingBox,,minimap_event_1,요하의 미꾸라지통,2
154120,npc_pajauta_1,,,파야우타,2
154121,npc_MasterSheriff,,minimap_man_scout,셰리프 마스터,2
154122,npc_MasterMatross,,minimap_man_archer,매트로스 마스터,2
154123,npc_MasterArditi,,minimap_man_scout,아르디티 마스터,2
154124,npc_MasterTigerHunter,,minimap_man_archer,산포 마스터,2
155000,npc_crystal_machine,,,수정가공기계,2
155001,farm49_sapling,,,신비한 묘목,2
155002,dirt_ground,,,토양표본,2
155003,dirt_heal_2,,,흙더미,2
155004,small_dandelion,,,어린 민들레,2
155005,old_sack,,,낡은 봇짐,2
155006,grape_vine_1,,,포도 넝쿨,2
155007,grape_vine_4,,,포도 넝쿨,2
155008,old_wooden_box,,,나무 궤짝,2
155009,old_well,,,낡은 우물,2
155010,tunnel_ent_1,,,땅굴 입구1,2
155011,tunnel_ent_2,,,땅굴 입구2,2
155012,leather_bag,,,가죽 가방,2
155013,mine2_crystal_red,,,붉은 크리스탈,2
155014,mine2_crystal_blue,,,푸른 크리스탈,2
155015,mine2_crystal_yellow,,,노란 크리스탈,2
155016,npc_rich_shaton,,,고르드 샤튼,2
155017,npc_rich_baron,,,아렐르노 남작,2
155018,npc_druid_m,,,드루이드 남,2
155019,npc_druid_f,,,드루이드 여,2
155020,m_crystal,,,멜로디 크리스탈,2
155021,npc_rich_f,,,귀족 소녀,2
155022,npc_rich_m,,,귀족 남자,2
155023,npc_mushroom,,,템파스 버섯,2
155024,Boss_Kubas_Head,,,수수께끼의 기계장치,2
155025,Stone_pile,,,임시 무덤,2
155026,dirt_heal_3,,,협곡지대 흙더미,2
155027,pilgrim_heap_01,,,식량 더미 (대),2
155028,pilgrim_heap_02,,,식량 더미 (중),2
155029,pilgrim_heap_03,,,식량 더미 (소),2
155030,pilgrim_heap_04,,,식량 더미 (초소),2
155031,poison_crystal_01,,,변형 나무뿌리 수정,2
155032,poison_crystal_02,,,변형된 나무뿌리 수정 2,2
155033,npc_pilgrim_f_1,,,순례자(여),2
155034,npc_pilgrim_m_1,,,순례자 (남) 1 - 신규머리1,2
155035,npc_pilgrim_m_2,,,순례자 (남) 2 - 신규머리2,2
155036,npc_pilgrim_m_3,,,순례자 (남) 3 - 기존머리1,2
155037,npc_pilgrim_m_4,,,순례자 (남) 4 - 기존머리2,2
155038,npc_pilgrim_m_5,,,순례자 (남) 5 - 기존머리3,2
155039,npc_pilgrim_m_6,,,순례자 (남) 6 - 기존머리4,2
155040,npc_husband_1_down,,,평범한 남편 다운,2
155041,npc_village_male_a1_down,,,마을 청년A3 다운,2
155042,npc_friar_01,,,수도사1,2
155043,npc_friar_02,,,수도사2,2
155044,npc_friar_03,,,수도사3,2
155045,npc_friar_04,,,수도사4,2
155046,npc_friar_05,,,수도사5,2
155047,npc_friar_down01,,,수도사3 다운,2
155048,npc_friar_down02,,,수도사4 다운,2
155049,npc_abbot,,,수도원장,2
155050,carpet,,,카펫,2
155051,npc_circle_trigger,,,고원 마법진 활성화 장치,2
155052,npc_vine2,,,연출용 덩쿨,2
155053,npc_vine3,,,연출용 덩쿨2,2
155055,tableland_tent,,,고원 텐트,2
155056,black_stone,,,검은 돌,2
155057,broken_bar,,,부서진 철창,2
155058,f_orchard_34_2_slider,,,워터슬라이드 배,2
155059,f_orchard_34_2_elevator,,,거대과일숲_엘리베이터,2
155060,f_orchard_34_2_Flume,,,과일배,2
155061,f_orchard_34_2_gate,,,수로 문,2
155062,npc_SWD_sub_master,,minimap_man_master,소드맨 서브 마스터,2
155063,npc_PEL_sub_master,,minimap_man_master,펠타스타 서브 마스터,2
155064,npc_HLD_sub_master,,minimap_man_master,하이랜더 서브 마스터,2
155065,npc_HOP_sub_master,,minimap_man_master,하플라이트 서브 마스터,2
155066,npc_BAR_sub_master,,minimap_man_master,바바리안 서브 마스터,2
155067,npc_ROD_sub_master,,minimap_man_master,로델레로 서브 마스터,2
155068,npc_CAT_sub_master,,minimap_man_master,캐터프랙트 서브 마스터,2
155069,npc_WIZ_sub_master,,minimap_man_wizard,위저드 서브 마스터,2
155070,npc_PYR_sub_master,,minimap_man_wizard,파이로맨서 서브 마스터,2
155071,npc_CRY_sub_master,,minimap_man_wizard,크리오맨서 서브 마스터,2
155072,npc_PSY_sub_master,,minimap_man_wizard,사이코키노 서브 마스터,2
155073,npc_LIN_sub_master,,minimap_man_scout,링커 서브 마스터,2
155074,npc_THA_sub_master,,minimap_man_scout,쏘마터지 서브 마스터,2
155075,npc_WRC_sub_master,,minimap_man_wizard,엘리멘탈리스트 서브 마스터,2
155076,npc_ARC_sub_master,,minimap_man_archer,아처 서브 마스터,2
155077,npc_RAG_sub_master,,minimap_man_archer,레인저 서브 마스터,2
155078,npc_QRS_sub_master,,minimap_man_archer,쿼렐슈터 서브 마스터,2
155079,npc_SAP_sub_master,,minimap_man_archer,새퍼 서브 마스터,2
155080,npc_HUT_sub_master,,minimap_man_archer,헌터 서브 마스터,2
155081,npc_WUG_sub_master,,minimap_man_archer,무고사 서브 마스터,2
155082,npc_SCT_sub_master,,minimap_man_scout,스카우트 서브 마스터,2
155083,npc_CRL_sub_master,,minimap_man_cleric,클레릭 서브 마스터,2
155084,npc_KRV_sub_master,,minimap_man_cleric,크리비 서브 마스터,2
155085,npc_PRS_sub_master,,minimap_man_cleric,프리스트 서브 마스터,2
155086,npc_BKR_sub_master,,minimap_man_wizard,보코르 서브 마스터,2
155087,npc_DIV_sub_master,,minimap_man_cleric,딥디르비 서브 마스터,2
155088,npc_PAL_sub_master,,minimap_man_cleric,팔라딘 서브 마스터,2
155089,cannonball,,,포환,2
155090,kunai2,,,쿠나이,2
155091,Long_TailedTit,,,오목눈이,2
155092,Long_TailedTit_red,,,붉은 오목눈이,2
155093,flamingo,,,홍학,2
155094,npc_sapper,,,계시자 미하일,2
155095,npc_sadhu,,,계시자 야네,2
155096,npc_highlander_2,,,계시자 코너,2
155099,npc_foot_hold_no,,,대성당 발판(obb제거),2
155100,f_bracken_63_1_flume,,,과일배2(연출용),2
155101,orsha_castle_lord,,,델무어 성주,2
155102,npc_floana,,minimap_collection,플로아나,2
155103,npc_racia,,minimap_journal,라시아,2
155104,kruvina_center,,,크루비나 중앙장치,2
155105,kruvina_pillar,,,마력 공급 장치,2
155106,alter_sacrifice,,,생명력 흡수 제단,2
155107,magical_bomb,,,마력 구슬 덩어리,2
155108,f_castle_65_2_elt,,,델무어 장원 승강기,2
155109,f_castle_65_3_elt,,,델무어 외성 승강기,2
155110,d_cmine_66_1_elt,,,네밸랫 광산 1층 승강기,2
155111,d_cmine_66_1_cart,,,네밸랫 광산 1층 카트,2
155112,f_castle_65_1_elt,,,델무어 소작촌 케이블카,2
155113,castle_wizard,,,마법사 멜히오라스,2
155114,d_cmine_66_2_cart,,,네밸랫 광산 2층 카트(연출용),2
155115,d_cmine_66_2_cart2,,,네밸랫 광산 2층 카트(OBB),2
155116,kruvina_pillar2,,,마력 공급 장치 잔해,2
155117,castle_heap,,,델무어 장벽,2
155118,orsha_m_14_1,,,오르샤 주민 남14_1,2
155119,orsha_m_14_2,,,오르샤 주민 남14_2,2
155120,npc_pilgrim_old,,,나이든 순례자,2
155121,npc_friar_down03,,,나이든 수도사 다운,2
155122,velnias_sword,,,마족의 검,2
155123,abbey_gate,,,수도원 정문,2
155124,abbey_gate_opened,,,수도원 정문(열림),2
155125,tubers,,,식물 뿌리 구근 더미,2
155126,npc_frair_f_03,,,수도사 여 3,2
155127,npc_cauldron_water,,,물 솥,2
155128,npc_cauldron_stew,,,스튜 솥,2
155129,siauliai_grass_small,,,작은 풀 더미,2
155130,spell_crystal_red2,,,마력이 맺힌 결정2,2
155131,npc_ghost_soldier2,,,유령 병사2,2
155132,npc_ghost_soldier3,,,유령 병사3,2
155133,npc_intermediate_officer_ghost,,,유령 장교,2
155134,npc_intermediate_officer_ghost2,,,유령 장교2,2
155135,npc_alchemist_f2,,,알케미스트 여2,2
155136,bracken_ruin1,,,폐허더미1,2
155137,bracken_ruin2,,,폐허더미2,2
155138,stone_hill,,,돌받침,2
155139,extra_tomb,,,임시 위령비,2
155140,bracken_ivy,,,고사리 덩굴,2
155141,bracken_leaves,,,고사리 잎,2
155142,npc_white_hunter,,,하얀 사냥꾼,2
155143,npc_young_rich,,,젊은 도련님,2
155144,npc_teacher,,,가정교사,2
155145,npc_explorer_f,,,탐험가(여),2
155146,npc_thorn_flower_yellow_noOBB,,,밝은 가시 꽃 OBB없음,2
155147,npc_Centaurus,,,잠든 켄타우로스,2
155148,king_statue,,,왕의 석상,2
155149,whitetrees_gate,,,작은 왕릉 입구,2
155150,woodenwall_trap1,,,목책1,2
155151,woodenwall_trap2,,,목책2,2
155152,npc_solcomm,,,솔콤,2
155153,f_3cmlake_boxes,,,박스,2
155154,f_3cmlake_Link_stone,,,호수의 수정석,2
155159,job_shadow_firetower_device,,,섀도우맨서의 연구 장치,2
155160,f_3cmlake_26_1_elt,,,란코 26수역 이동장치,2
155161,job_shadow_chaser,,,추격자 큐브,2
155162,thorn_rock_shadow,,,그림자 바위,2
155163,npc_schaffenstar_member1_1,,,샤펜스타 단원 남1,2
155164,npc_schaffenstar_member1_2,,,샤펜스타 단원 남2,2
155165,npc_schaffenstar_member1_3,,,샤펜스타 단원 남3,2
155166,npc_schaffenstar_member2_1,,,샤펜스타 단원 여1,2
155167,cart_spp_3cm,,,보급품 수레,2
155168,npc_anastazija,,,탐험가 아나스타지야,2
155169,d_startower_velnias_stone,,,마족의 장치,2
155170,star_stone_01_small_startower,,,마력 잔류물,2
155171,npc_crystal_machine_event,,minimap_event_1,이벤트 수정가공기계,2
156000,npc_gintas,,,신도 긴타스,2
156001,npc_margiris,,,마르기리스,2
156002,npc_bocor_juta,,,보코르 유타,2
156003,npc_druid_leja,,,드루이드 레야,2
156004,npc_druid_benes,,,드루이드 베네스,2
156005,npc_dievdirbys_m,,,딥디르비 남,2
156006,npc_frair_f_01,,,수도사 여 1,2
156007,npc_frair_f_02,,,수도사 여 2,2
156008,orsha_tiliana,,minimap_man_market,오르샤 마켓 관리인,2
156009,Popolion_Blue_Transfrom,,minimap_man_market,포포리온_변신용,2
156010,ferret_folk_Transfrom,,minimap_man_market,페릿_변신용,2
156011,Tiny_Transfrom,,minimap_man_market,티니_변신용,2
156012,Npanto_baby_Transfrom,,minimap_man_market,판토_변신용,2
156013,Honeybean_Transfrom,,minimap_man_market,허니빈_변신용,2
156014,Onion_Transfrom,,minimap_man_market,케파_변신용,2
156015,Jukopus_Transfrom,,minimap_man_market,유코푸스_변신용,2
156016,pilgrim_shrine_parts,,,부서진 비석,2
156017,pilgrim_shrine2_NoObb,,,복구 비석(obb없음),2
156018,npc_ceslovas,,minimap_man_cleric,채플린 마스터,2
156019,npc_necromancer_m,,,네크로맨서 남,2
156020,npc_necromancer_f,,,네크로맨서 여,2
156021,npc_cryomancer_f,,,크리오맨서 여,2
156022,npc_necromancer_m_2,,,네크로맨서 남_2,2
156023,npc_Pinscher,,,쉬트리가일라,2
156024,npc_alchemist_f,,,알케미스트 여,2
156025,npc_friar_04_2,,,엘고스 수도사,2
156026,npc_Carnivore_down,,,쓰러진 카너버,2
156027,npc_fedimian_storekeeper,,minimap_werehouse,페디미안 창고지기,2
156028,vine_4,,,바스러지는 덩굴,2
156029,d_abbey_35_4_vine,,,엘고스 수도원 덩굴,2
156030,npc_kabbalist_m,,,카발리스트 남,2
156031,Stonepiece_1,,,돌맹이,2
156032,HiddenWall_120_120_500,,,,2
156033,Altarcrystal_Silhouette_Noobb,,,실루엣 크리스탈(obb없음),2
156034,f_coral_35_2_elt,,,베라 엘리베이터,2
156035,cmine_cartheap_Noobb,,,수레더미(obb없음),2
156036,orchard34_2_tree,,,신비한 나무,2
156037,f_orchard_32_4_wheel,,,대관람차,2
156038,f_orchard_32_4_elt,,,엘리베이터,2
156039,orchard_drain,,,생명력 흡수 장치,2
156040,npc_orchard_flower,,,대지의 꽃,2
156041,blank_npc_3,,,빈 NPC 3번,2
156042,binding_Laima,,,묶인 소녀 라이마,2
156043,npc_rada_goddess,,,여신 라다,2
156044,gimmick_fireball,,,기믹용 구슬,2
156045,npc_mine_spot,,,채광스팟,2
156100,f_3cmlake_basin,,,수반,2
156101,npc_bolletta,,,플레처 볼레타,2
156102,f_3cmlake_device,,,수반 제어장치,2
156103,f_3cmlake_monument,,,기념비,2
156104,f_3cmlake_riddle_device,,,수수께끼 장치,2
156105,f_3cmlake_Consensus_stone,,,제어 마법석,2
156106,woodenwall_trap3,,,목책3,2
156107,woodenwall_trap3_destroy,,,목책3(반파됨),2
156108,riddle_device,,,수수께끼 장치(큰 버전),2
156109,npc_gele_sanctuary_1_hit,,,겔리고원 결계(HP UI),2
156110,npc_Corsair_m2,,,해적 단원 남자,2
156111,Onmyoji_Paper_Doll_white,,,종이 인형(하얀색),2
156112,Onmyoji_Paper_Doll_red,,,종이 인형(빨간색),2
156113,Onmyoji_Paper_Doll_black,,,종이 인형(검정색),2
156114,npc_schaffenstar_executive1_1,,,샤펜스타 간부 남1,2
156115,npc_schaffenstar_executive1_2,,,샤펜스타 간부 남2,2
156116,npc_schaffenstar_executive1_3,,,샤펜스타 간부 남3,2
156117,npc_schaffenstar_executive2_1,,,샤펜스타 간부 여1,2
156118,npc_schaffenstar_ramunas,,,라무나스,2
156119,npc_schaffenstar_kron,,,크론,2
156120,npc_schaffenstar_bayl,,,바일,2
156121,npc_kartas,,,카르타스,2
156122,npc_schaffenstar_member1_4,,,샤펜스타 단원 남4,2
156123,npc_schaffenstar_member1_5,,,샤펜스타 단원 남5,2
156124,npc_schaffenstar_member1_6,,,샤펜스타 단원 남6,2
156125,npc_schaffenstar_member1_7,,,샤펜스타 단원 남7,2
156126,npc_schaffenstar_member1_8,,,샤펜스타 단원 남8,2
156127,npc_schaffenstar_member1_9,,,샤펜스타 단원 남9,2
156128,npc_schaffenstar_member1_10,,,샤펜스타 단원 남10,2
156129,npc_schaffenstar_member2_2,,,샤펜스타 단원 여2,2
156130,npc_schaffenstar_member2_3,,,샤펜스타 단원 여3,2
156131,npc_schaffenstar_executive1_4,,,샤펜스타 간부 남4,2
156132,npc_schaffenstar_executive1_5,,,샤펜스타 간부 남5,2
156133,npc_schaffenstar_executive1_6,,,샤펜스타 간부 남6,2
156134,npc_schaffenstar_executive1_7,,,샤펜스타 간부 남7,2
156135,npc_schaffenstar_henika,,,헤니카,2
156150,Colony_Tower,,,콜로니 타워,2
156151,Colony_Enhancer,,,콜로니 증폭기,2
156152,npc_colony_sutler,,,종군 상인,2
156153,Colony_Woodenwall_Trap,,icon_item_woodenwall_trap3,목책,2
156154,Colony_Divine_Flag,,icon_item_divine_flag,신성한 깃발,2
156155,npc_ASS_master,,minimap_man_scout,어쌔신 마스터,2
156156,npc_OLW_male_master,,minimap_man_scout,아웃로 마스터 남,2
156157,npc_OLW_female_master,,minimap_man_scout,아웃로 마스터 여,2
156158,npc_goddess_medeina,,,여신 메데이나,2
156159,npc_kartas_alone,,,카르타스(개없는 버전),2
156160,maple_24_tree,,,단풍 나무,2
156161,gacha_cube1_red,,,시크릿 큐브 레드,2
156162,gacha_cube1_gold,,,시크릿 큐브 골드,2
156163,gacha_cube1_blue,,,시크릿 큐브 블루,2
156164,npc_Tantaliser,,,속박된 탄타이저,2
156165,maple_24_tree_young,,,어린 단풍나무,2
156166,HiddenWall_Vivid,,,,2
156167,pvp_battle_shop,,minimap_erosion,장비 렌탈 상점,2
157000,3cmlake_ruins,,,호수의 잔해,2
157001,coral_tent_01,,,크란토 텐트,2
157002,PCStatue,,,,2
157003,f_coral_32_2_elt,,,크란토 이동장치,2
157004,npc_dievdirbys_m_2,,,딥디르비 남2,2
157005,npc_dievdirbys_m_3,,,딥디르비 남3,2
157006,npc_katyn_safuse,,,노란 사푸스,2
157007,npc_ebonypawn,,,에보니폰,2
157008,npc_katyn_sculpture,,,정화의 조각,2
157009,vine_kink,,,덩굴 덩어리,2
157010,npc_maple_stump,,,나무 그루터기2,2
157011,maple_25_tree,,,단풍숲 나무,2
157012,maple_25_leaves,,,단풍숲 풀더미,2
157013,maple_25_supplemants,,,단풍숲 약병,2
157014,maple_25_tree_Q1,,,단풍숲 나무_Q1,2
157015,maple_25_supplemants_Q1,,,단풍숲 약병_Q1,2
157016,NPC_GM2,,minimap_event_1,GM2,2
157017,soul_gathering_mchn_6,,,가디언 오브,2
157018,soul_gathering_mchn_7,,,수호의 오브,2
157019,npc_dcapital_20_5_elt,,,제롬멜 이동장치,2
157020,npc_MUR_master,,minimap_man_master,무르밀로 마스터,2
157021,npc_LAN_master,,minimap_man_master,랜서 마스터,2
157022,npc_MER_master,,minimap_man_archer,메르겐 마스터,2
157023,d_limestonecave_52_1_elt,,,종유동굴 이동장치,2
157024,maple_25_tree_Q2,,,단풍숲 나무_Q2,2
157025,d_castle_20_4_elt,,,20_4이동장치,2
157026,d_firetower_69_2_elt,,,69_2이동장치,2
157027,f_castle_20_1_elt,,,20_1이동장치,2
157028,f_castle_20_1_elt2,,,20_1이동장치2,2
157029,f_castle_20_2_elt,,,20_2이동장치,2
157030,f_castle_20_3_elt,,,20_3이동장치,2
157031,f_dcapital_20_6_elt,,,20_6이동장치,2
157032,f_dcapital_103_elt,,,103이동장치,2
157033,f_dcapital_103_elt2,,,103이동장치2,2
157034,f_maple_25_1_elt,,,25_1이동장치,2
157035,f_maple_25_2_elt,,,25_2이동장치,2
157036,f_maple_25_3_elt,,,25_3이동장치,2
157037,f_whitetrees_23_3_elt,,,23_3이동장치,2
157038,f_whitetrees_56_1_elt,,,56_1이동장치,2
157039,npc_Appraiser,,minimap_appraisers,감정사,2
157040,maple_25_leaves_Q1,,,단풍숲 풀더미,2
157041,f_whitetrees_23_1_elt,,,23_1이동장치,2
157042,f_bracken_42_1_elt,,,42_1이동장치,2
157043,f_bracken_42_1_elt2,,,42_1이동장치2,2
157044,complete_kruvina,,,완전한 크루비나,2
157045,kruvina_center2,,,거대 크루비나 중앙장치,2
157046,id_whitetrees_tree1,,,흰 나무,2
157047,id_whitetrees_tree2,,,흰 나무,2
157048,id_whitetrees_Alter1,,,제단,2
157049,id_whitetrees_Altar2,,,제단,2
157050,f_coral_44_3_elt,,,산호평원이동장치,2
157051,d_fantasylibrary_48_2_elt,,,환상도서관이동장치,2
157052,d_fantasylibrary_48_3_elt,,,환상도서관이동장치,2
157053,d_fantasylibrary_48_4_elt,,,환상도서관이동장치,2
157054,halloween_scarecrow,,,할로윈 허수아비,2
157055,magictrap_core_gimmick2,,,마력 핵,2
157056,npc_junk_shop_2,,,[케도라 상단원]{nl}게랄다시아,2
157057,npc_junk_shop_3,,,[케도라 상단원]{nl}게랄다손,2
158000,npc_paladin_follower1_3_copy,,minimap_team,팀 배틀리그,2
158001,npc_friar_02_blacksmith,,minimap_man_smith,수도사2 대장장이,2
160000,h_GuildHousing_farmer_girl,,,농장 관리인,2
160001,h_GuildHousing_farmer_boy,,,농장 관리인,2
160002,h_GuildHousing_manager,,,길드 아지트 관리인(남),2
160003,flower_keep_water_yellow,,,물을 머금은 꽃(노란색),2
160004,flower_keep_water_red,,,물을 머금은 꽃(빨간색),2
160005,flower_keep_water_white,,,물을 머금은 꽃(하얀색),2
160006,SHADOW_CURSE_PURIFICATION,,minimap_portal,정화의 제단,2
160007,SHADOW_LEGEND_SOLO_CURSE_PURIFICATION,,minimap_portal,정화의 제단,2
160008,Hiddennpc_Moringponia,,,소환포탈,2
161000,E_statue_zemina,,minimap_goddess,여신 제미나의 상,2
161001,npc_kupole_Velcoffer,,,큐폴 시모나,2
161002,npc_Teliavelis,,minimap_man_smith,대장장이 테리아베리스,2
161003,npc_Kastytis,,,[의상 디자이너]{nl}카스티스,2
161004,npc_anabellswyn,,,[헤어 디자이너]{nl}애나벨 스윈,2
161005,npc_henryswyn,,,[헤어 디자이너]{nl}헨리 스윈,2
161006,npc_soccer_goals_event,,,Wall,2
161007,npc_keeper_event,,,펭키퍼,2
161008,npc_small_stone_event,,,돌맹이,2
161009,npc_soccer_goals_wall1,,,Wall,2
161010,npc_soccer_goals_wall2,,,Wall,2
161011,npc_keeper_event_2,,,펭키퍼,2
161012,uniq_id_anergy_stone_gimmick,,,마나 장치,2
161013,uniq_id_nicopolis_gate,,,,2
161014,uniq_id_nicopolis_star_stone,,,마나 조형물,2
161015,uniq_id_nicopolis_nicopolis_obj1,,,,2
161016,uniq_id_nicopolis_HiddenWall_120_120_500,,,,2
161017,uniq_id_nicopolis_HiddenWall_120_350_500,,,,2
161018,uniq_id_nicopolis_none_monster,,,,2
161020,uniq_id_nicopolis_effect_dummy,,,,2
161021,uniq_id_nicopolis_npc_nicopolis_obj2,,,,2
161022,uniq_id_nicopolis_mana_effect_mon,,,,2
161023,uniq_id_nicopolis_mana_effect_onwer,,,,2
161024,uniq_id_nicopolis_boss_room_potal,,,,2
2000127,gimmick_fireball_E1,몬스터,,화끈한 사탕,2
2000128,farm47_circle_01_E1,몬스터,,마법진,2
2000129,halloween_scarecrow_E1,몬스터,,할로윈 허수아비,2
2000130,lockdoor_npc_E1,몬스터,,잠긴 문,2
2000131,pumpkin_bonus_E1,몬스터,,달콤한 마법진,2
2000132,middle_boss_board_E1,몬스터,,주민이 남긴 쪽지,2
